10,3853933,1
10,4396550,1
10,4596382,-1
10,4614998,0
10,4615082,0
10,6753996,0
10,7438123,-1
10,7438154,-1
10,10247641,1
10,13151919,0
10,13152088,1
10,13152188,0
10,13191539,1
10,13191541,1
10,15849527,1
10,18409264,0
10,23934892,0
10,25782029,-1
10,26313961,-1
10,26314060,0
10,26314063,0
10,26320966,1
10,26320972,0
10,26320975,0
10,31461118,-1
10,37347647,-1
10,37347681,-1
10,46275312,1
10,47750775,1
10,54202784,-1
10,60436779,0
10,60437257,0
10,60437274,0
10,60437536,0
10,60806099,-1
10,60806139,-1
10,60806149,-1
10,67748006,-1
10,68979460,-1
10,68979586,-1
10,69237347,-1
10,69237586,-1
10,69237950,-1
10,69238134,-1
10,69605445,-1
10,69605666,-1
10,69605791,-1
10,69605900,-1
10,69794626,0
10,69872506,-1
10,69872536,0
10,69872594,0
10,72997758,-2
10,73147085,1
10,74218933,0
10,80489855,-1
10,80489938,-1
10,80490057,0
10,80490067,-1
10,80884648,1
10,80929947,0
10,80929969,0
10,80934622,-1
10,83694814,1
10,83694890,-1
10,84619805,1
10,84633600,2
10,84634157,2
10,84712108,1
10,84712164,1
10,88128545,1
10,88129480,-1
10,88683630,-1
10,90354569,-1
10,90494157,0
10,90710685,1
10,90711358,1
10,91665638,-1
10,91783761,1
10,91783834,1
10,91783886,1
10,92303149,1
10,92557666,1
10,93153756,1
10,93154122,1
10,93154314,1
10,93154352,1
10,93154445,1
10,94116862,4
10,94116894,4
10,94586227,-1
10,94913840,-1
10,95570297,1
10,105116102,1
10,110770384,-1
10,112882751,-1
10,114757280,-1
10,114757452,-1
10,120464666,-1
10,121307518,-1
10,123877407,1
10,123877435,1
10,123877692,1
10,124119947,0
10,125069342,-1
10,125155949,-1
10,125155968,-1
10,125457401,0
10,125651026,-1
10,125651062,1
10,125651075,1
10,125860449,2
10,125860484,2
10,125860560,1
10,125860739,0
10,125860785,1
10,125861321,1
10,125861338,1
10,125861483,2
10,128736447,0
10,128737572,-1
10,129552197,1
10,132391959,-1
10,132528862,-1
10,138854995,0
10,138855287,1
10,139405337,-1
10,139405406,1
10,139405445,-1
10,139405635,0
10,139405648,0
10,139405885,-1
10,139426224,1
10,139921893,-3
10,140286860,-1
10,140288371,1
10,140288778,1
10,140396702,1
10,140925092,2
10,141002359,1
10,141376102,-1
10,141395991,2
10,141608571,-1
10,141608661,-1
10,141701135,1
10,141715689,1
10,141782399,-4
10,141782522,4
10,141811638,0
10,141838956,1
10,141891719,0
10,141891821,-1
10,141892002,-1
10,141892215,0
10,141892228,0
10,141894592,0
10,141900233,-1
10,141902107,-2
10,141902881,-2
10,141903515,-2
10,141905952,2
10,141910566,-2
10,142016090,-1
10,142026722,-2
10,142045982,-1
10,142046021,1
10,142046312,1
10,142046524,-1
10,142046932,1
10,142104683,-1
10,142105034,-1
10,142250196,1
10,142271500,3
10,142485503,-1
10,142496519,2
10,142683495,-1
10,142683702,1
10,142683775,-1
10,142868795,-1
10,143165584,1
10,143175295,-1
10,143279158,1
10,143334155,-1
10,143335538,-1
10,143335545,0
10,143335616,0
10,143744918,-1
10,143890135,-1
10,144276638,-1
10,144277090,-5
10,144778308,1
10,145330582,-2
10,145331029,1
10,145607418,-3
10,145607694,-2
10,145909983,1
10,145910334,1
10,145910410,2
10,145974924,-1
10,146035221,2
10,146082721,-1
10,146088694,-3
10,146399926,-1
10,146586588,-1
10,146586609,-1
10,146641742,1
10,146679290,2
10,146689190,1
10,146689768,3
10,146757550,-1
10,146825226,1
10,146825546,-1
10,146825569,-1
10,146893951,-1
10,146975091,1
10,147141554,1
10,147141767,1
10,147141786,3
10,147163115,-1
10,147253637,-1
10,147273775,-1
10,147280119,1
10,147280204,1
10,147325991,2
10,147326139,1
10,147367515,-1
10,147551295,-3
10,147555106,-3
10,147555111,-3
10,147557657,-1
10,147697361,-1
10,147698299,-1
10,147763703,-1
10,147850228,1
10,147940901,1
10,147948593,-4
10,147971694,-1
10,147971783,-1
10,148020166,-1
10,148075225,-1
10,148080892,-5
10,148081146,-5
10,148286095,-1
10,148311489,1
10,148311536,-1
10,148357493,2
10,148365451,1
10,148368031,0
10,148418900,0
10,148436628,-1
10,148707286,1
10,148808401,1
10,148808480,-1
10,149181605,2
1,1156160,1
1,2562400,1
1,2792204,-1
1,4519433,-1
1,5024652,1
1,5024721,-1
1,5024787,1
1,7353551,0
1,7353749,-1
1,12166483,1
1,13159815,0
1,13160365,-3
1,13160963,-3
1,13161042,0
1,13161156,-2
1,15207064,0
1,21469485,1
1,21469552,1
1,21469819,-1
1,25388950,-1
1,25616860,-1
1,25616875,-1
1,27508807,-2
1,27626891,-2
1,27626911,-2
1,27627018,-2
1,27630635,-1
1,28794359,1
1,28794401,1
1,28976714,1
1,30058472,-1
1,31747614,1
1,31748379,-1
1,32005691,1
1,32027756,-1
1,32161887,2
1,32172566,2
1,32208141,2
1,33120221,-1
1,33221898,-2
1,33429675,1
1,33429707,1
1,34600767,-1
1,34601117,1
1,34658401,2
1,34830748,2
1,34830810,-2
1,35580729,-1
1,35740471,1
1,35748623,1
1,35997011,2
1,36425328,-1
1,36573642,1
1,38554775,1
1,38621474,4
1,38632222,-1
1,38632225,-1
1,38632450,0
1,38724913,-1
1,38725141,-1
1,38854957,2
1,38874488,1
1,38874613,1
1,39044360,0
1,39076894,1
1,39116369,1
1,39118054,-4
1,39118381,-4
1,39337075,-1
1,39337077,-1
1,39405519,1
1,39606797,1
1,39606962,-1
1,39651758,1
1,39652005,1
1,39747639,-1
1,39790113,-1
1,39790269,-1
1,39790729,-1
1,39893835,1
1,41483218,1
1,41486925,1
1,43349035,2
1,49217228,-5
1,49217241,-5
1,51703035,0
1,51703043,0
1,54330000,0
1,55068983,-1
1,55762043,1
1,55762268,1
1,56947168,2
1,56947450,-2
1,61531428,-2
1,61531842,2
1,64666930,0
1,64717523,-1
1,67151565,-1
1,72020428,0
1,73922482,1
1,76678273,1
1,76678439,-1
1,78715416,1
1,78715501,0
1,78715710,1
1,79447516,-2
1,80334684,1
1,80334707,1
1,80334840,0
1,80875940,-1
1,81115847,1
1,81326677,1
1,81434163,-1
1,81582156,1
1,81582436,-1
1,81984994,1
1,82036141,1
1,82591755,2
1,82592399,1
1,82687225,-1
1,82712986,1
1,82921624,2
1,83021317,1
1,83068128,-2
1,83654549,-1
1,83831833,-1
1,83835284,-5
1,84074710,3
1,84423420,4
1,84423551,-1
1,84430784,-1
1,84444123,1
1,84444467,1
1,85028269,-3
1,85028612,-2
1,85028654,-2
1,85349060,0
1,87170583,-2
1,88328714,-1
1,89990469,-1
1,89990602,-1
1,90116798,-1
1,90238989,-1
1,90498325,-1
1,90499083,1
1,90799262,1
1,90799347,1
1,90799403,1
1,90800175,1
1,90800477,1
1,90800582,1
1,90848353,-1
1,90848377,-1
1,90848641,0
1,90848722,-1
1,90848735,-1
1,90849415,-1
1,91560164,1
1,91560169,-1
1,92228273,-1
1,92228457,-1
1,92267967,1
1,95791258,1
1,106140665,2
1,107019241,1
1,116019388,1
1,118154021,1
1,118960375,1
1,118961172,1
1,125216256,1
1,128711491,-1
1,128990096,1
1,128991073,0
1,130979745,0
1,131362581,-1
1,132227360,1
1,137798226,0
1,141193196,0
1,141292608,1
1,141293365,1
1,142669567,-1
1,150876161,-1
1,150876388,-1
1,150907044,-1
1,151868788,1
1,152176753,-1
1,153359259,-1
1,153359290,-1
1,153746592,-1
1,154330064,2
1,154330161,2
1,154505050,1
1,154522733,-1
1,154858512,-1
1,154972536,1
1,155207983,1
1,155208278,-1
1,155209504,1
1,155209963,1
1,156504634,1
1,156959619,1
1,157266292,1
1,157411064,2
1,157418037,1
1,158471618,-1
1,160873730,-2
1,161041288,-2
1,161243681,-1
1,162445755,-1
1,162483464,2
1,162600741,-1
1,164105515,1
1,164521507,-1
1,164976056,0
1,165085944,-1
1,165086253,1
1,165960631,-1
1,166729294,-1
1,167247224,1
1,167972669,-1
1,170554022,-4
1,170869962,-2
1,170870561,-6
1,170871321,-5
1,171553423,-2
1,172139042,-1
1,172210931,0
1,172834001,-2
1,173161783,-1
1,173161853,-1
1,173233483,-1
1,173233516,-1
1,173233568,-1
1,173233592,-1
1,173243571,-2
1,173243664,-2
1,173331832,-2
1,173340600,-3
1,173441925,-2
1,174024413,-1
1,174332319,-2
1,174402036,-1
1,174402100,-1
1,174553139,-1
1,174553189,-1
1,174671085,1
1,175319133,-3
1,175319144,-3
1,175330024,-2
1,175513504,-1
1,175665673,-4
1,176542159,-1
1,176871105,-1
1,176871128,-1
1,176871267,-1
1,177054732,-2
1,177061815,-1
1,177580329,-1
1,177580387,-1
1,177580418,-1
1,177798561,-1
1,178551058,-1
1,178988142,1
1,178994277,1
1,179367714,1
1,179368403,1
1,179624987,1
1,179625430,1
1,179625570,1
1,179625636,1
1,179625710,1
1,179625869,1
1,179626801,1
1,179627010,1
1,179627025,1
1,179627085,1
1,179627207,1
1,179627226,1
1,179627607,1
1,179627619,1
1,179627757,1
1,179627989,1
1,179628048,1
1,179674119,1
1,179898336,-1
1,180044463,-1
1,180333616,1
1,180653847,2
1,180845643,-1
1,180977949,-1
1,180986170,-1
1,181288344,-1
1,181732907,1
1,182123082,1
1,182128933,-2
1,182272888,1
1,182650181,1
1,182650210,1
1,182650569,1
1,182651945,1
1,182652020,-1
1,182653402,0
1,182653733,-1
1,182724779,1
1,182724808,1
1,182823429,1
1,183301400,1
1,183872085,1
1,183876872,-1
1,183882341,-1
1,184153752,-2
1,184422637,-1
1,184600995,-1
1,184665278,-1
1,184665924,-1
1,184953300,0
1,184983477,-1
1,185769575,-1
1,187030204,0
1,187030584,0
1,187030947,0
1,187224383,1
1,187432449,-1
1,187474927,1
1,187660113,1
1,187674640,1
1,187675193,-1
1,187675526,1
1,187675830,-1
1,187675886,1
1,187677737,-1
1,187677800,-1
1,187679282,1
1,188011562,2
1,188065526,1
1,188065658,1
1,188093765,0
1,188094859,-1
1,188094871,1
1,188095250,-1
1,188095333,1
1,188095616,0
1,188095854,-1
1,188962106,-1
1,189111332,-1
1,189385298,3
1,189627461,-3
1,189676012,-2
1,190184787,-1
1,190346965,1
1,190460208,-1
1,190463586,-1
1,191232585,1
1,191404093,-2
1,191404413,-2
1,191531091,1
1,191534859,1
1,191535176,1
1,191544194,1
1,191544437,1
1,191544799,1
1,191548612,1
1,191877505,-1
1,191877515,-1
1,191877629,-1
1,192646494,-1
1,193283477,3
1,193353914,1
1,193552703,-1
1,193622746,-1
1,194050339,-1
1,194250383,-1
1,194605441,-1
1,194691054,-1
1,195219560,1
1,195221324,1
1,196246454,-1
1,196250597,0
1,196331595,0
1,196331808,0
1,196331817,0
1,196333199,-1
1,196405702,-1
1,196405814,-1
1,196454075,0
1,196454363,1
1,196473851,-1
1,196474010,1
1,196474077,-1
1,196474089,1
1,196474479,-1
1,196474642,-1
1,197113235,-4
1,197306512,1
1,197782991,-1
1,198689175,2
1,198862182,-1
1,199149882,-1
1,199761653,-1
1,200670218,-1
1,200759264,1
1,201440416,1
1,201442454,1
1,201442718,1
1,201442770,1
1,201442996,-1
1,201443079,1
1,201771901,1
1,201777078,1
1,202640091,-1
1,202956777,-1
1,202956901,-1
1,202956936,-1
1,203213801,1
1,203213944,1
1,203604449,1
1,203605131,1
1,204481872,-2
1,204799225,1
1,204845651,2
1,204845855,1
1,204845865,1
1,204914527,-2
1,205135395,1
1,205147408,1
1,205147473,1
1,206046116,-1
1,206153230,-1
1,206307590,-1
1,206308022,1
1,206556826,-1
1,206784822,1
1,207082087,-2
1,207365039,1
1,207950167,2
1,208643494,-1
1,208843600,-2
1,208873908,-1
1,208873953,-1
1,210143042,2
1,210895255,1
1,210965951,1
1,213705622,-3
1,214531321,-1
1,214536060,-2
1,215856146,1
1,215856191,1
1,215856372,0
1,215856392,0
1,215856576,1
1,215856587,1
1,215856684,1
1,219421932,-5
1,219422071,-2
1,220168675,-1
1,220764064,-1
1,220767481,-1
1,220839875,-1
1,220840516,-1
1,220840639,-1
1,220840649,-1
1,220949984,-4
1,221249146,-1
1,221249396,-1
1,221352891,-5
1,221353018,-7
1,221356179,-1
1,221630350,-1
1,221630386,-1
1,221630695,-1
1,221702606,-1
1,222183206,-2
1,222213635,-1
1,222564909,1
1,222596706,1
1,223364187,1
1,225988247,-1
1,227315306,2
1,229033478,6
1,229418276,-1
1,234070772,-2
1,234629303,1
1,234652154,1
1,235579369,1
1,235814274,1
1,236355309,1
1,236355367,1
1,240155192,1
1,240843993,-1
1,240844010,1
1,244971264,-1
1,245723432,1
1,246277252,-1
1,246611126,3
1,246743012,-2
1,246753158,1
1,246753324,0
1,246756120,-4
1,246756170,4
1,246758348,-4
1,246762417,-1
1,246781542,-1
1,247606842,1
1,247607548,1
1,247607587,1
1,248003975,1
1,248139608,1
1,248168926,-1
1,248171128,0
1,248171250,0
1,248171251,1
1,248171268,1
1,248171411,0
1,249378905,-1
1,251217680,-1
1,251312296,1
1,251314539,3
1,251314563,3
1,251444255,-1
1,251672961,1
1,251674898,1
1,251791354,0
1,251791786,0
1,252436628,1
1,252986347,-2
1,252986973,3
1,253363224,1
1,253422709,-1
1,253423106,-1
1,253775824,2
1,253832010,1
1,253832090,-1
1,253832117,1
1,253832325,1
1,253832375,-1
1,253837089,-1
1,253855069,-2
1,253855259,2
1,254868154,2
1,255210842,1
1,255320620,1
1,256573778,1
1,256573811,1
1,256622141,-1
1,257385188,-1
1,257386429,-1
1,257548351,-1
1,257597077,-1
1,257754188,-1
1,257754280,-1
1,257867289,-3
1,258000473,-2
1,258031153,1
1,258035648,-1
1,258035667,-1
1,258055346,1
1,258065216,-2
1,258113478,-1
1,258435435,1
1,258490900,-1
1,258499311,-3
1,258863482,2
1,259014855,1
1,259021531,1
1,259071985,1
1,259072012,1
1,259072273,1
1,259439883,-2
1,259439979,2
1,259439992,2
1,259576380,-1
1,260160711,2
1,260195241,-1
1,260576806,-1
1,260744625,-1
1,260744786,-2
1,260988094,1
1,261631263,3
1,261927069,1
1,261938800,-1
1,262356451,1
1,262356649,1
1,262366863,-1
1,262530401,-1
1,262530717,-1
1,262562267,-2
1,263067568,1
1,263067622,1
1,263190278,1
1,263255744,1
1,263263928,1
1,263709105,-1
1,263717443,-1
1,264217738,-1
1,264579592,-1
1,264579673,-1
1,264589648,-2
1,265086458,-1
1,265086488,-1
1,265086502,-1
1,265222606,-1
1,266109390,-5
1,266435710,3
1,267020413,1
1,267020466,1
1,267213919,1
1,267228747,1
1,268218590,2
1,268630383,-1
1,269101737,1
1,269101742,1
1,269354046,1
1,271189545,1
1,271219433,-1
1,271219450,1
1,271219526,1
1,271219532,1
1,271219599,-1
1,271219659,1
1,271414522,-1
1,271414541,1
1,272112244,1
1,272899552,-1
1,273167806,1
1,273512037,-1
1,273933030,1
1,273933080,1
1,273937397,1
1,273958918,3
1,274550923,1
1,274570870,0
1,274577713,1
1,274785551,1
1,275154713,1
1,275161507,1
1,275266430,1
1,275294222,-1
1,275449619,-1
1,275450243,-1
1,275742023,-1
1,275743508,-1
1,275743697,-1
1,275754211,1
1,275755102,2
1,275896969,5
1,276044616,1
1,276045784,1
1,276139088,2
1,276230731,0
1,276270224,1
1,276270478,1
1,276320218,1
1,276366070,4
1,276371923,2
1,276373166,1
1,276373181,1
1,276390684,1
1,276391349,7
1,276391745,1
1,277559600,-2
1,277805969,-1
1,278088990,-1
1,278110082,-1
1,278419025,-2
1,278440928,1
1,278575746,1
1,279185022,1
1,279339327,1
1,279353399,-1
1,279551261,-1
1,279551275,-1
1,279625577,1
1,279643532,2
1,279991689,1
1,280088410,1
1,280164174,2
1,280164336,2
1,280253452,2
1,280254064,2
1,280254195,2
1,280254486,1
1,280254516,1
1,280254708,1
1,280254867,1
1,280258416,1
1,280259463,1
1,280260076,1
1,280262037,1
1,280531643,0
1,280531683,4
1,280560874,1
1,280649452,1
1,280749577,1
1,280897279,-5
1,280897504,-3
1,281236833,-1
1,281713341,-1
1,281837402,2
1,281837438,-2
1,281837540,0
1,282020766,1
1,282020827,1
1,282939435,1
1,282939775,1
1,283161940,-3
1,283712838,1
1,283712919,-1
1,283712925,1
1,283712927,1
1,283712966,1
1,283935584,2
1,284078242,1
1,284105904,1
1,284195912,1
1,285071314,-1
1,285071462,1
1,285134146,1
1,285134334,1
1,285134383,-1
1,285134411,-1
1,285134449,1
1,285200428,2
1,285381413,-1
1,285387434,1
1,285410582,1
1,285992092,-1
1,286527272,0
1,286527282,-1
1,286685641,1
1,286687050,-1
1,286687522,0
1,286687707,1
1,286687862,1
1,286687910,0
1,286718511,1
1,286718783,1
1,286719710,0
1,286720099,1
1,286722224,0
1,286722332,0
1,286739521,1
1,287036736,-1
1,287036811,-1
1,287181902,1
1,287367582,3
1,287374339,0
1,287559406,-2
1,287705584,1
1,287705594,1
1,287777569,1
1,287785722,-1
1,287786512,-2
1,287786612,-2
1,287825123,1
1,287825131,-1
1,287826016,-1
1,287826215,0
1,287826218,-2
1,287826272,0
1,287826394,-2
1,287827256,0
1,287959592,1
1,288054004,1
1,288283171,1
1,288453165,-3
1,288808644,-3
1,288810600,1
1,289001219,1
1,289340659,-1
1,289345299,-1
1,289852314,2
1,289853841,-1
1,290191203,-1
1,290191219,1
1,290273243,1
1,290273612,1
1,290332828,0
1,290928821,1
1,290929197,-1
1,290929311,1
1,290929526,-1
1,290929679,-1
1,291027741,1
1,291027897,1
1,291027965,-1
1,291029341,2
1,291040434,1
1,291057679,1
1,291177020,1
1,291180201,-1
1,291332446,-3
1,291445607,-1
1,291445669,-1
1,291631726,1
1,291631954,-1
1,291742576,-1
1,291744021,-1
1,291941017,1
1,291956466,-1
1,291956653,-1
1,292031047,1
1,292302299,2
1,292302632,2
1,292358073,2
1,292358167,2
1,292406777,1
1,292598699,2
1,292956367,1
1,293240219,1
1,293240272,1
1,293245625,-1
1,293245696,0
1,293275337,0
1,293275690,-1
1,293707848,1
1,293872040,-1
1,293872670,1
1,293872715,1
1,293872766,1
1,293872835,1
1,293873130,1
1,293873141,1
1,293873237,1
1,293873336,1
1,294177383,1
1,294177503,1
1,294177597,1
1,294177742,1
1,294211590,-1
1,294570906,-1
1,294965768,1
1,294965796,-1
1,294965859,-1
1,295084177,-1
1,295084186,-1
1,295341723,-1
1,295341783,-1
1,295387059,-1
1,295390326,-1
1,295614016,-3
1,295956576,2
1,296088993,1
1,298299063,-1
2,843534,-1
2,904197,-5
2,1439416,1
2,1441071,-1
2,1546403,1
2,1628007,1
2,1628110,-1
2,2053843,2
2,2113607,2
2,2116160,2
2,2116171,2
2,2121892,-1
2,2331265,1
2,2628447,-1
2,2628496,-1
2,2628574,1
2,2628615,1
2,2636263,1
2,2637581,-1
2,2680664,1
2,3377258,-1
2,3715858,2
2,3715929,2
2,3715957,0
2,4201709,0
2,4205746,0
2,4693227,2
2,4826641,0
2,4831405,1
2,4846014,2
2,4903513,1
2,4903771,1
2,4903845,1
2,4903987,1
2,4904005,1
2,5235248,1
2,5235422,1
2,5278762,1
2,5429732,-1
2,5465858,-1
2,5523605,4
2,5578268,1
2,5822576,1
2,5822577,1
2,5822715,1
2,5828748,2
2,6022363,1
2,6022367,1
2,6022385,1
2,6023527,-1
2,6172621,1
2,6175517,1
2,6197776,6
2,6487036,-1
2,6487146,-1
2,6567599,-1
2,6984494,1
2,6995597,3
2,7044204,-1
2,7047840,1
2,7101505,-1
2,7209669,-1
2,7210628,-1
2,7211075,-1
2,7747687,2
2,7748190,1
2,8171697,1
2,8181542,1
2,8266960,-1
2,8267415,-1
2,8301772,2
2,8506003,2
2,8506125,2
2,8507005,2
2,8749168,1
2,8786815,1
2,8917339,1
2,8921478,3
2,8922995,-1
2,9012579,2
2,9318051,-1
2,9318482,1
2,9361157,-2
2,9450961,-3
2,9551324,-1
2,9551347,-1
2,9964820,-1
2,9975655,1
2,9975752,-1
2,10000202,-2
2,10000287,-3
2,10021110,1
2,10021157,1
2,10151034,1
2,10384754,1
2,10384940,1
2,10384956,1
2,10385062,1
2,10478846,-2
2,10478851,-2
2,10486541,6
2,10502551,1
2,10522624,-1
2,10522650,-1
2,10522788,-1
2,10523486,-1
2,10523500,-1
2,10523635,-1
2,10523636,-1
2,10523893,-1
2,10524755,-1
2,10540544,1
2,10541409,3
2,10546597,-1
2,10566977,1
2,10567198,1
2,10567482,-1
2,10574633,1
2,10602962,1
2,10630761,-1
2,10630799,-1
2,10630855,1
2,10630908,-1
2,10633675,-3
2,10676700,-1
2,10677525,-1
2,10678534,-1
2,11308384,1
2,11308391,-1
2,11308400,-1
2,11401102,1
2,11426279,-1
2,11550063,1
2,11597631,-1
2,11597666,-1
2,11744859,1
2,11762384,-4
2,12258974,-1
2,12693460,1
2,12905051,-2
2,12908529,-2
2,12908804,-3
2,12910248,-1
2,12910398,-1
2,12910672,4
2,12911032,-4
2,13460015,1
2,13644288,-1
2,13644349,-1
2,13803618,1
2,13803825,0
2,13803943,0
2,13871775,2
2,14444683,-1
2,14727646,-2
2,14810175,2
2,14817637,-1
2,15152245,-1
2,15282087,-1
2,15282100,-1
2,15283883,-1
2,15283903,-1
2,15582537,-1
2,15591507,-1
2,15984722,-1
2,16006309,-1
2,16136523,-1
2,16136576,-1
2,16318625,1
2,16379892,4
2,16861586,1
2,17092968,-1
2,17207792,1
2,17208049,-1
2,17958797,1
2,18235530,1
2,18423927,-2
2,18489734,-1
2,18489769,-2
2,18529006,1
2,18827465,6
2,18834517,2
2,18834679,-2
2,18835535,-2
2,19243175,3
2,19881493,-3
2,19881678,-1
2,19881703,-1
2,19881732,-1
2,19881920,1
2,19984554,-1
2,20057066,1
2,20057257,-1
2,20459606,1
2,20820680,1
2,22544218,-1
2,22694635,-1
2,22694681,-1
2,22819258,-1
2,23137446,-1
2,23193899,-2
2,23193919,-2
2,23330269,-2
2,24023729,-2
2,24151128,-1
2,24151241,-1
2,24460981,1
2,24603120,-3
2,24604345,-2
2,25065400,1
2,25164255,1
2,25183739,-1
2,25232378,4
2,25232380,4
2,25232984,-1
2,25281914,1
2,25283995,1
2,25318045,-1
2,27342822,-1
2,28495444,1
2,28517506,2
2,28660547,1
2,28945223,-1
2,29279524,-1
2,30760695,2
2,30760762,-2
2,30913356,-2
2,30972901,1
2,30973597,1
2,30974708,1
2,31215270,1
2,31595548,-1
2,31595816,-1
2,31774870,3
2,31777078,1
2,31847857,-2
2,32075971,-2
2,32697752,1
2,32898067,1
2,33136353,2
2,33142652,1
2,34162668,-1
2,34172002,-1
2,34172023,-1
2,34249407,1
2,34249495,1
2,34249584,0
2,34249633,-1
2,34249848,-1
2,34356737,-1
2,34356776,1
2,34405757,1
2,34463120,1
2,35103685,1
2,35103733,1
2,35170198,1
2,35983986,1
2,37399176,1
2,37519763,-7
2,37565122,1
2,38044324,-4
2,38044327,4
2,38044648,-1
2,38072863,-1
2,38072870,-1
2,38205679,-1
2,38769867,4
2,38770050,1
2,38770067,1
2,39194213,-1
2,39389058,-2
2,39615887,1
2,39615940,-1
2,39616035,-1
2,39616044,1
2,39616057,-1
2,39616124,-1
2,39616158,-1
2,40056416,-1
2,40056828,-1
2,41037754,-1
2,41307907,-1
2,41308050,-1
2,41308056,-1
2,41315135,1
2,41315201,-1
2,41332861,-2
2,41457322,0
2,41646362,-1
2,41648075,-2
2,41648093,-2
2,41648148,-2
2,41934926,-1
2,41935204,-1
2,41935217,-1
2,42108051,-1
2,42393753,-1
2,42516228,4
2,42996221,1
2,43052310,-1
2,43418874,1
2,43423613,1
2,43746661,-1
2,43747253,-1
2,44001410,-1
2,44001465,1
2,44151950,2
2,44233340,1
2,44817577,1
2,44825356,-1
2,44827991,1
2,44828708,-2
2,44828888,-2
2,44829419,1
2,44830456,-1
2,44830505,-1
2,44830530,-1
2,44831008,-1
2,44960771,1
2,45007688,1
2,45190736,1
2,45426125,1
2,45426335,1
2,45563287,0
2,45621684,1
2,45622211,1
2,45622232,1
2,45859175,-1
2,46597605,1
2,46790116,-1
2,47742261,-1
2,47743299,-1
2,47744307,1
2,47745289,-2
2,47745364,-2
2,47745381,2
2,47745606,1
2,47912758,-1
2,47912958,1
2,48235457,-1
2,49217628,1
2,49219494,1
2,49245575,1
2,49246201,1
2,49246247,0
2,49246605,0
2,49365476,-1
2,49557596,-1
2,49627217,3
2,49836365,0
2,49857818,0
2,49858286,0
2,49985423,1
2,50314036,1
2,50610696,-1
2,50610907,-1
2,50611142,-1
2,50612996,1
2,50613011,-1
2,50613038,-1
2,50613496,1
2,50619085,-1
2,51446166,1
2,51726919,1
2,52070675,1
2,52070997,1
2,52073188,1
2,52075153,2
2,52379353,-1
2,52379949,1
2,52556614,3
2,52800804,-1
2,53104686,1
2,53235930,-1
2,53238494,0
2,54031615,1
2,54246218,-1
2,54246222,-1
2,54419038,-1
2,54419612,-1
2,54420172,-1
2,54422912,1
2,54422998,1
2,55113066,-1
2,56422442,1
2,57686507,-1
2,58174044,1
2,58275634,1
2,58277128,4
2,58529361,1
2,58529524,1
2,58529606,2
2,58995761,1
2,59096191,1
2,59397040,1
2,59669174,1
2,59669190,1
2,60259337,2
2,61137228,2
2,61291519,0
2,61291593,0
2,61291799,0
2,61506107,1
2,61936980,-1
2,62484978,-1
2,62485165,-1
2,62485497,-1
2,62729745,-1
2,62730377,1
2,62920655,1
2,63007795,-1
2,63007961,1
2,64047193,0
2,64047291,1
2,64574735,-1
2,65370215,-1
2,66485235,-2
2,66821234,1
2,67634742,1
2,67634843,1
2,67634932,1
2,67634958,1
2,67635106,1
2,68172769,-1
2,68475444,-1
2,68475490,-1
2,68802836,0
2,69267612,-1
2,69331444,-5
2,69331544,-5
2,69331599,-5
2,69374497,1
2,69377224,1
2,70344289,1
2,72237309,0
2,72565770,1
2,73081622,-1
2,73090825,-1
2,73304828,1
2,74985731,-1
2,74986223,1
2,74986885,1
2,77535881,-1
2,77579828,-1
2,77579853,1
2,77579964,1
2,77579986,1
2,77580063,1
2,78862716,1
2,79130912,1
2,81076997,2
2,81077187,5
2,82264477,1
2,82264483,1
2,83897374,1
2,83902975,-1
2,83902981,1
2,83903052,-1
2,84080360,1
2,84477432,2
2,85081757,-1
2,85081810,-1
2,85081849,1
2,86850084,1
2,90191283,-1
2,90191318,-1
2,90191452,-1
2,90324807,0
2,90324869,1
2,91021829,-1
2,95793484,0
2,95793796,0
2,95793805,0
2,99092816,1
2,100009266,-1
2,101875316,-1
2,101875517,-1
2,101875533,1
2,101899501,-1
2,103536152,-2
2,104429975,1
2,105596376,1
2,107809395,1
2,107809526,1
2,107819754,1
2,107820871,1
2,107916152,1
2,108019712,-1
2,108421063,-1
2,108481231,3
2,108481390,-3
2,108482532,1
2,109070921,-1
2,109070986,1
2,109071015,0
2,110572370,2
2,111453340,-1
2,111453525,-1
2,112111558,1
2,112111757,1
2,112112204,1
2,112344188,0
2,112459013,-1
2,112610467,4
2,113253318,-1
2,113265015,-1
2,113942589,1
2,114138511,-1
2,114547216,0
2,114790599,1
2,115087069,-1
2,115087075,-1
2,115087131,-1
2,115565733,-1
2,115694938,1
2,115698360,-1
2,115702502,-1
2,116064751,-1
2,116108094,-1
2,116108146,1
2,116108158,-1
2,116108200,-1
2,116695374,-1
2,118246791,1
2,118246888,1
2,118403998,1
2,118503054,1
2,118707754,-1
2,118786973,-1
2,119109469,-1
2,119152669,0
2,121462922,-1
2,121463049,-1
2,126113081,-1
2,127723881,1
2,128670323,-1
2,128675064,-1
2,128675273,1
2,128675318,-1
2,128676263,-1
2,128771339,-1
2,128771345,-1
2,129563097,-1
2,130922237,-1
2,130991459,1
2,131377935,-1
2,133600596,-1
2,135770301,1
2,137411576,-1
2,138969415,-1
2,139203250,-1
2,139203312,-1
2,139203415,-1
2,139203544,-1
2,139203631,-1
2,139804504,-1
2,139804553,-1
2,139804616,1
2,141520221,-2
2,141520312,1
2,141520955,-2
2,141523039,-1
2,143898878,1
2,144104358,-1
2,144375924,1
2,145354193,1
2,145436653,1
2,145436858,1
2,145437332,4
2,145617279,1
2,145617283,1
2,146649287,-1
2,147172712,-1
2,149197126,1
2,149293211,1
2,149293225,1
2,149351972,-1
2,149512371,-1
2,149516236,-1
2,149516341,-1
2,152101507,1
2,152202158,-1
2,154139429,1
2,154139670,1
2,168038000,-1
2,169084694,-1
2,170270440,-1
2,171551208,-1
2,172156966,1
2,173653583,0
2,173653865,-1
2,174589880,-1
2,175988050,1
2,178087628,2
2,178521569,-1
2,178521672,-1
2,178671529,-1
2,178762206,-1
2,178768628,0
2,178774447,-1
2,178784006,-2
2,179652860,1
2,179814368,1
2,179814392,1
2,180394677,1
2,180457042,-1
2,180459318,1
2,180475822,0
2,180691180,1
2,180807481,1
2,180817628,1
2,180817917,-1
2,180859133,1
2,180859495,1
2,181067488,1
2,181555719,-2
2,181555765,-1
2,182197257,1
2,182197478,1
2,182381982,-4
2,182995745,1
2,183159265,0
2,183159557,-2
2,183159570,-2
2,183160457,0
2,183160717,0
2,183161024,0
2,183161923,0
2,183162842,0
2,183162866,0
2,183308311,1
2,184581876,-1
2,184582097,-1
2,185413218,-1
2,185413548,-1
2,185673154,-2
2,185819876,-1
2,185819877,-1
2,185867643,1
2,185867843,-1
2,185868004,0
2,185868106,-1
2,185868437,1
2,185882443,1
2,185942068,1
2,186026652,-1
2,186030562,1
2,186031028,3
2,186031238,-1
2,186227812,-1
2,186227927,-1
2,186228049,-1
2,186228635,-1
2,186416807,-1
2,186764640,-2
2,186764775,-2
2,186771404,0
2,186771417,0
2,186772512,0
2,187180451,1
2,187273119,-1
2,187278305,1
2,187281575,-1
2,187286756,-1
2,187286857,0
2,187286947,1
2,187287247,1
2,187467587,1
2,187467599,1
2,187467667,1
2,187467772,1
2,187467954,1
2,187772809,1
2,187772834,-1
2,187777066,-3
2,188526326,-1
2,188701448,-1
2,188701595,-1
2,188755257,1
2,189054331,1
2,189521971,-1
2,189523143,1
2,189869776,-1
2,189870149,-1
2,189927932,-2
2,189927944,2
2,189928092,2
2,190221312,-1
2,190221461,1
2,190731272,1
2,193353208,1
2,193396777,1
2,194069523,-1
2,194069719,2
2,194226373,-1
2,194269478,2
2,194492731,1
2,194492890,1
2,194763219,-1
2,194769002,2
2,194807172,2
2,194807408,2
2,194808185,2
2,194808291,1
2,195471114,0
2,195805933,-1
2,195805948,1
2,195805991,1
2,196310453,-1
2,196390353,-1
2,196390542,1
2,196489803,1
2,196583704,1
2,196583744,-1
2,196583792,-1
2,196583821,-1
2,196734486,-2
2,196868997,-1
2,197013507,2
2,197038512,2
2,197038776,2
2,197175679,1
2,197180771,1
2,197523903,1
2,197661646,1
2,197876388,1
2,197884455,1
2,198252822,1
2,198277231,1
2,198771409,1
2,198810295,1
2,199045098,2
2,199062765,1
2,199330360,-1
2,199330366,1
2,199330386,-1
2,199373872,1
2,199942317,3
2,199942325,3
2,199951083,2
2,200358209,1
2,200358440,1
2,200358645,1
2,201391464,1
2,201867067,3
2,202455053,-1
2,202455082,-1
2,202622882,-1
2,202788948,1
2,202857256,-2
2,202975147,-1
2,203397152,-1
2,204286314,-1
2,204402889,-1
2,208065715,-1
2,208298813,-1
2,208298872,-1
2,208511216,1
2,208801215,-1
2,208801230,-1
2,209025906,-1
2,209025925,0
2,209545970,1
2,209641815,-1
2,209641824,-1
2,209675562,1
2,209675676,1
2,209954755,-1
2,209954809,-1
2,209957216,-3
2,209957567,-3
2,210696844,1
2,211020404,-1
2,211116194,2
2,211297751,-1
2,211456583,2
2,211456594,2
2,211456608,-2
2,211457180,1
2,211457342,-1
2,211520857,1
2,212064777,1
2,212514444,-1
2,213215859,-2
2,213310063,-1
2,213310081,-1
2,213312345,2
2,213466305,-1
2,213469166,-1
2,213469401,-1
2,213473530,-1
2,213828280,-1
2,213841423,1
2,213975191,-1
2,214027206,-1
2,214243199,0
2,214243364,2
2,214243529,0
2,214321491,1
2,214321500,-1
2,214327545,-1
2,214508698,2
2,214667071,-1
2,214667103,-1
2,214877905,1
2,215249341,1
2,215590766,-1
2,215593850,3
2,215673790,2
2,215675517,1
2,215957535,-1
2,216065866,1
2,216188235,-1
2,216188276,1
2,216325104,-1
2,216612753,-1
2,216859907,1
2,216860222,-1
2,216860633,1
2,216860663,1
2,217230266,-1
2,217269968,-1
2,217270290,-1
2,217276794,-2
2,217334676,1
2,217678634,-1
2,217678639,-1
2,218648760,-1
2,218677557,-1
2,219017624,0
2,219202459,1
2,219958402,-1
2,219960062,1
2,219960382,-1
2,219960388,-1
2,221528148,1
2,221565398,2
2,226922947,0
2,226923017,0
2,226923153,0
2,227700038,-1
2,228697644,-1
2,230064867,-1
2,230379562,1
2,231129666,-1
2,232115611,-1
2,232124257,1
2,233312568,0
2,233923760,1
2,234268587,-2
2,234409320,0
2,234422264,-1
2,234422457,-1
2,234422595,-1
2,234422607,-1
2,234422839,-1
2,234422880,-1
2,234427381,-1
2,234434733,1
2,234435363,1
2,234435544,1
2,234463908,1
2,234575906,0
2,234581221,-1
2,234581679,-1
2,234581812,-1
2,234895979,-2
2,234896151,-1
2,234896214,-1
2,234896238,-2
2,234898249,-2
2,234898389,-2
2,235084319,-1
2,235084519,-1
2,235105340,-1
2,235745167,0
2,236322161,3
2,237046659,-1
2,237046679,0
2,237046748,0
2,237186877,1
2,237582742,-1
2,237583384,-1
2,237585368,-1
2,237585419,1
2,237650358,1
3,202083,-1
3,311125,-2
3,375515,-1
3,600167,1
3,601920,-1
3,1296830,-4
3,1545070,-1
3,1548779,-2
3,1548814,-2
3,1596452,-1
3,1616015,1
3,1684887,-1
3,1686131,1
3,1686514,1
3,1686682,2
3,1975726,5
3,2072370,0
3,2072942,-1
3,2076905,-1
3,2899775,-1
3,3308580,1
3,3343974,-3
3,3402762,-1
3,3422072,-1
3,3519600,1
3,3832461,-1
3,3886070,4
3,4551802,1
3,4557966,0
3,4716410,-1
3,5437313,-1
3,5568117,-1
3,5888183,1
3,5985852,1
3,5989787,-1
3,5995565,-1
3,6095782,-1
3,6293369,1
3,8587127,0
3,9332371,1
3,9866712,-3
3,9953874,3
3,10095693,1
3,10095832,-1
3,10097819,-1
3,10097950,-1
3,10097970,-1
3,10098064,-1
3,10176961,1
3,10325913,0
3,10632782,-1
3,10632786,-1
3,11012976,-1
3,11012999,-1
3,11403723,2
3,11404072,4
3,11407933,1
3,11451392,1
3,11452659,1
3,11660346,-1
3,11904083,1
3,12200085,1
3,12299214,2
3,12537046,1
3,12568955,-1
3,13509874,0
3,15225719,-1
3,18639548,-1
3,18639553,-1
3,19763951,0
3,20894531,-1
3,20902402,-1
3,23212207,0
3,23432602,-1
3,26311029,1
3,27393802,1
3,28618335,-4
3,28622829,-1
3,28622836,-1
3,28840991,-1
3,28841234,-1
3,28841322,-1
3,29014568,-2
3,29098396,-3
3,29407749,-1
3,29473687,-2
3,29577975,-1
3,29578094,-1
3,29621497,1
3,29621536,1
3,29971344,-1
3,30055340,-1
3,31106314,-1
3,31449268,1
3,32112243,-1
3,32241103,-2
3,32241128,-2
3,32534633,1
3,32534640,1
3,36008814,-1
3,38746370,-1
3,40944205,1
3,44393681,-1
3,44393699,-1
3,46512939,-1
3,47448931,1
3,48708769,-1
3,51749795,1
3,51749812,1
3,55879039,-1
3,58564036,-4
3,58564162,4
3,58565194,-1
3,62972505,1
3,64525767,-1
3,67694380,-1
3,67694632,-1
3,71648256,0
3,87417293,0
3,87695665,0
3,88205889,-1
3,88205921,-1
3,90055711,1
3,90055874,1
3,90056079,-1
3,98721596,1
3,98732330,-1
3,101010317,0
3,102249012,0
3,107488587,-1
3,111202427,2
3,111202482,2
3,111202683,3
3,111203137,1
3,111203181,1
3,115091513,-4
3,115091667,-4
3,115091962,0
3,115092532,2
3,115093634,0
3,117400353,1
3,124747203,0
3,125708367,-2
3,125708471,-2
3,128250994,1
3,129312297,0
3,129312593,1
3,132412340,1
3,134747565,-1
3,134747638,-1
3,134747707,1
3,135467326,1
3,137707711,-1
3,137707838,-1
3,137707934,-1
3,137708060,-1
3,137708461,1
3,137708676,-1
3,137708699,-1
3,137708728,1
3,137708918,-1
3,137709034,-1
3,137709880,3
3,137813804,1
3,137898361,-1
3,139758744,-1
3,139758763,-1
3,139763226,-1
3,140444243,1
3,140579264,1
3,141518660,-1
3,141524904,1
3,141524926,0
3,141592444,-1
3,141592512,-1
3,141592528,-1
3,142761390,1
3,144623423,0
3,145928316,0
3,148013614,1
3,148412936,1
3,148653838,1
3,149015751,1
3,149015851,-1
3,149289503,1
3,149425162,-1
3,149487753,-1
3,149487775,1
3,149487791,-1
3,149487795,1
3,149487962,0
3,150207930,3
3,150208654,1
3,150917799,-1
3,150917940,1
3,151232805,-1
3,151233109,-1
3,151333179,4
3,151743961,1
3,152534368,-1
3,152537900,-1
3,152884443,-2
3,153011405,-1
3,153011623,-3
3,154701624,-1
3,155016358,1
3,155016397,-1
3,155016550,-1
3,155829500,1
3,156113079,-1
3,156319288,-1
3,156476184,1
3,156476272,1
3,156856787,1
3,157059980,-1
3,157128834,1
3,157689826,-2
3,157782536,-1
3,157981140,1
3,160943581,-1
3,161601759,-2
3,161605923,-1
3,161973276,1
3,162643238,-1
3,162644566,-1
3,162846861,-1
3,163111372,0
3,163128939,-1
3,163693694,-1
3,165487893,-1
3,165770492,2
3,165773404,1
3,165774301,0
3,165774558,-3
3,166245074,-3
3,166426670,1
3,166427054,1
3,166427059,1
3,166427327,1
3,166474892,4
3,166474938,4
3,166475112,2
3,166641596,1
3,167118121,2
3,167119582,1
3,167489572,1
3,167489575,1
3,167517868,1
3,167831377,4
3,167852718,1
3,168049832,1
3,168278382,2
3,168412115,1
3,168416691,1
3,168911618,1
3,168911658,1
3,168962639,1
3,168962687,1
3,169009003,-1
3,169074597,1
3,169096596,-3
3,169117049,2
3,169582789,1
3,169583117,1
3,169620526,2
3,169620578,2
3,169777820,1
3,169788036,-1
3,170068324,1
3,173613653,1
3,173613835,1
3,173613971,1
3,173838623,-1
3,173838674,-1
3,173839234,1
3,173839390,-1
3,173839393,-1
3,173839400,1
3,174508316,-1
3,174740179,0
3,174742706,0
3,174743259,0
3,174743554,-4
3,174743587,4
3,174743636,4
3,174869092,-1
3,175561321,1
3,175592108,-1
3,175744303,-1
3,175755382,-3
3,175822100,-1
3,175822163,1
3,175822275,-1
3,176335014,1
3,176466902,-1
3,176497424,1
3,176578716,1
3,176601506,-1
3,179042795,1
3,181734348,0
3,184274263,1
3,184274366,-1
3,184274481,-1
3,184274509,-1
3,184274534,-1
3,186677838,0
3,186904019,-1
3,187112556,0
3,187158729,-1
3,187158747,-1
3,187158780,-1
3,187158785,-1
3,187158898,-1
3,187158961,-1
3,187164074,-1
3,187164773,0
3,187399113,1
3,189833289,1
3,190387426,1
3,190568441,3
3,190811749,2
3,190984564,1
3,191055269,-4
3,196165775,-1
3,201452615,-2
3,202365734,-1
3,202581948,-1
3,205549334,1
3,205549858,1
3,205652103,1
3,207007256,1
3,207031437,1
3,207251528,1
3,207251743,1
3,207251939,1
3,207316025,1
3,207480265,1
3,207638423,1
3,207638432,1
3,207640010,1
3,208123551,1
3,208131969,1
3,208594824,1
3,208617937,1
3,208622201,2
3,208695379,1
3,208793360,1
3,208980775,-1
3,208981238,-1
3,208986329,1
3,209017093,1
3,209051396,1
3,209674672,1
3,210299330,-1
3,210299417,1
3,210457692,-1
3,211803282,-2
3,211940609,-1
3,211940711,-1
3,211954128,3
3,211955931,0
3,211956184,0
3,211956283,0
3,211956637,2
3,214982326,1
3,215170439,1
3,215251231,1
3,215298433,-1
3,215300160,1
3,215300226,1
3,215300311,1
3,215513343,1
3,215514123,1
3,215867456,-2
3,215867613,-3
3,216349115,2
3,216387302,1
3,216569434,3
3,216569844,3
3,216569963,0
3,216569978,3
3,216875866,1
3,216959306,2
3,217089828,1
3,217089950,1
3,217169966,1
3,217170191,1
3,217218261,1
3,217503531,1
3,217503547,1
3,217503694,1
3,217504514,1
3,217543335,1
3,217642744,1
3,217745536,1
3,217870452,1
3,218268541,1
3,218272662,1
3,218277526,1
3,218347317,1
3,218405368,1
3,218444395,3
3,218444448,3
3,218574893,2
3,218825048,1
3,218825138,1
3,218891679,1
3,218976269,1
3,218976792,1
3,218977090,1
3,218977200,1
3,218977207,1
3,218977538,1
3,218977683,1
3,218977779,1
3,218978029,1
3,218978173,1
3,219199562,4
3,219246437,-1
3,219483840,1
3,219484612,3
3,219484721,2
3,219484827,2
3,219485045,1
3,219984316,1
3,220256892,1
3,220257485,3
3,220267529,1
3,220735863,2
3,220739747,1
3,220928798,1
3,220938962,1
3,220939159,1
3,220939466,1
3,220940030,1
3,221429672,-1
3,221433940,1
3,221434100,1
3,221434338,1
3,221434633,1
3,221435140,1
3,221435179,1
3,221791419,-1
3,221999807,-1
3,221999808,-1
3,221999927,-2
3,222132404,1
3,222144738,2
3,222811281,1
3,222811387,1
3,223182941,1
3,223182965,1
3,223397478,2
3,223440745,-1
3,223440806,-1
3,223767342,1
3,223826573,2
3,223826956,-1
3,223827172,1
3,223832423,1
3,224047910,-1
3,224077542,1
3,224089945,1
3,224232010,1
3,224251982,-1
3,224251986,1
3,224358431,-1
3,224546408,-1
3,224719063,-1
3,224762064,1
3,225283819,-2
3,225284738,-1
3,225284770,-1
3,225284891,-1
3,225387709,-3
3,225392272,-1
3,225392659,1
3,225394029,-1
3,225846644,1
3,225855265,2
3,225855373,2
3,225855869,1
3,225916411,-1
3,225984849,-1
3,225984925,-1
3,226242247,-3
3,226333322,-2
3,226720604,-4
3,227513933,-1
3,227540739,1
3,227851297,1
3,229646190,1
3,229650326,1
3,229987985,2
3,230003569,-1
3,230009533,1
3,230088948,1
3,230089011,1
3,230098897,-1
3,230099559,-1
3,230101284,1
3,230104140,1
3,230104179,1
3,230263743,-1
3,230266753,1
3,230267072,-1
3,230271288,1
3,230339714,-1
3,230339742,-1
3,230339912,-1
3,230339974,1
3,230340174,-1
3,230340620,-1
3,230340646,1
3,230340745,-1
3,230340880,-1
3,230340886,-1
3,230422459,-1
3,230422505,-1
3,230612037,1
3,230612134,1
3,230622774,1
3,230622778,1
3,230747293,-1
3,230993714,2
3,231024702,-1
3,232107350,-1
4,30426,-1
4,62805,-1
4,1153691,2
4,1263733,-1
4,1950787,1
4,1951065,-1
4,2269443,1
4,2412349,-1
4,2598784,-1
4,2602007,-1
4,2602094,-1
4,2602105,-1
4,2602234,-1
4,2653855,-1
4,2775558,-1
4,2869761,-1
4,2929669,-7
4,2929682,-7
4,3004733,-1
4,3236793,-2
4,3236838,-2
4,3237902,2
4,3238146,-1
4,3238228,1
4,3288578,0
4,3288789,0
4,3464471,-1
4,3471698,-1
4,3488342,0
4,3489233,-1
4,3489347,1
4,3489657,0
4,3489659,0
4,3752402,-1
4,4058030,-1
4,4058055,-1
4,4064677,1
4,4155520,-1
4,4155883,-1
4,4155894,1
4,4155904,1
4,4155908,-1
4,4216780,-1
4,4216974,-1
4,4661830,1
4,4759808,-1
4,4790919,1
4,4836891,1
4,4837422,1
4,4837586,1
4,4858391,0
4,4869942,1
4,4870027,1
4,4870133,1
4,4870303,1
4,5115393,0
4,5115561,0
4,5115566,0
4,5172453,-1
4,5172468,-1
4,5176027,-1
4,5265023,0
4,5374677,1
4,5374902,-1
4,5383395,-1
4,5385205,-1
4,5442324,-1
4,5442614,-1
4,5442898,-1
4,5443231,-2
4,5443242,-2
4,5443396,-2
4,5443786,-2
4,5460581,-2
4,5478360,-1
4,5521295,-1
4,5522638,-1
4,5522644,-1
4,5522899,-1
4,5523065,-1
4,5536191,1
4,5536216,-1
4,5536673,-1
4,5549090,-1
4,5549148,-1
4,5560970,-1
4,5561057,-1
4,5710098,-1
4,5961990,-1
4,5962385,1
4,6104562,-2
4,8312894,1
4,8904640,2
4,9663824,0
4,9663836,0
4,10348946,1
4,11281011,1
4,11426708,1
4,11426896,1
4,11426952,1
4,11426976,1
4,11427143,1
4,11427480,1
4,11427729,1
4,11550846,1
4,11593693,-1
4,12047536,-1
4,12059365,-1
4,13112431,-1
4,13869411,-1
4,13869482,-1
4,14367666,-2
4,14595552,1
4,14745614,-1
4,14836525,-1
4,14842766,1
4,14842804,1
4,15304090,1
4,15416359,1
4,15416391,-1
4,15418249,1
4,15426927,-1
4,15604936,-1
4,15606103,1
4,15625813,1
4,15842951,1
4,16085637,1
4,16186283,1
4,16186522,1
4,16186690,2
4,16323974,-1
4,16323976,1
4,17165358,-1
4,17165378,-1
4,17530102,1
4,17871789,0
4,17871854,-1
4,18006721,-1
4,18138547,1
4,18142664,-1
4,18606872,-1
4,18869665,-1
4,19867811,1
4,19868000,1
4,20126408,-1
4,20763433,1
4,21158513,3
4,21335582,-1
4,21453798,1
4,21936787,1
4,21936936,-1
4,22226983,-1
4,22291928,-1
4,22548489,1
4,23928894,1
4,23976089,1
4,24640229,1
4,24640374,1
4,24640378,1
4,28006805,1
4,28101968,0
4,28752340,0
4,29973027,1
4,34284032,-2
4,40048380,-1
4,48117476,2
4,48117549,-2
4,48117596,-2
4,54733440,1
4,63231436,0
4,63779210,-3
4,63818323,1
4,67971470,1
4,71664526,1
4,71665166,0
4,76172461,-1
4,76172478,1
4,83003419,-1
4,83003609,0
4,83003677,-1
4,83011809,0
4,83493980,1
4,83992591,1
4,83992763,1
4,83993169,1
4,84872641,-2
4,84988966,0
4,90193052,1
4,90870418,-4
4,94438683,-1
4,94438870,-1
4,94438998,-1
4,94970802,-1
4,96857317,-4
4,105122564,1
4,106253256,-1
4,108103801,1
4,108997584,1
4,108998205,1
4,111724349,-2
4,111771156,1
4,111800505,-1
4,111801281,-1
4,116413198,-1
4,116413225,-1
4,117392713,-1
4,119727116,-1
4,119727166,-1
4,122584463,-1
4,122584475,-1
4,122585619,-1
4,123691270,1
4,123691739,-1
4,124230692,-1
4,126012339,-1
4,126907095,1
4,130227208,0
4,130230507,1
4,130993846,1
4,132240868,1
4,132241476,2
4,132789888,1
4,132789903,1
4,132863500,1
4,133134089,1
4,133480352,4
4,134043487,1
4,134043697,1
4,135620645,1
4,135635845,1
4,135938363,-1
4,135938645,1
4,135938964,1
4,136069575,1
4,136087011,1
4,136097359,1
4,136699388,1
4,136996041,1
4,136996145,1
4,136997808,1
4,136998031,1
4,142716448,1
4,142889398,1
4,143115103,1
4,143493946,1
4,144165051,-1
4,144165121,-1
4,144165337,1
4,144399381,-1
4,144559576,-1
4,144754211,-1
4,145391649,2
4,145391768,2
4,145398259,-1
4,145398763,1
4,145652429,1
4,145760255,-1
4,146162746,1
4,146163646,3
4,146169067,-1
4,147813440,-1
4,147813465,1
4,149392805,-1
4,149392893,-1
4,149393694,1
4,149555370,1
4,149619350,0
4,149619362,-1
4,150665150,1
4,150918524,1
4,150919460,1
4,150919605,-1
4,150919759,-1
4,150919771,-1
4,150919787,1
4,150920087,1
4,151215658,1
4,151564428,0
4,151564592,2
4,151677726,-1
4,151677761,-1
4,151677828,-1
4,151677870,-1
4,151678284,-1
4,151711926,1
4,151711956,1
4,151740928,1
4,151741102,1
4,151848777,-1
4,151848827,-1
4,151849108,-1
4,151849117,-1
4,151849349,-1
4,151849430,-1
4,151849431,-1
4,151849700,-4
4,151947854,-1
4,152818107,2
4,152877123,1
4,152945513,1
4,152945568,1
4,152971590,1
4,152999533,1
4,152999540,1
4,152999541,1
4,153668211,2
4,153668297,2
4,153779620,1
4,153779665,1
4,153779753,1
4,153779785,1
4,154194597,1
4,154291975,-1
4,154823761,-1
4,155254654,1
4,155254709,1
4,155254843,1
4,155935934,-1
4,156454405,-1
4,156509885,-1
4,156751869,1
4,157026659,-1
4,157644523,-2
4,157656340,-1
4,158371375,-1
4,158371614,-1
4,158706739,-1
4,158706749,-1
4,158706910,0
4,158876635,-1
4,158876662,-1
4,158877777,-1
4,158878296,-1
4,158878315,-1
4,159103407,-1
4,159203693,-1
4,159220410,-4
4,159588364,-1
4,159856912,-2
4,159911908,-1
4,159938452,-3
4,160023671,-3
4,160155911,-1
4,161339206,-1
4,161429466,-1
4,161429541,-2
4,161429761,-2
4,161431078,-3
4,161525581,-1
4,162375455,-1
4,162594253,-2
4,162594513,-1
4,163497647,-2
4,163670388,-1
4,163809749,2
4,163923101,-1
4,163929209,-1
4,164025987,-2
4,164281230,-1
4,164281490,1
4,164535061,1
4,164877149,1
4,164910914,1
4,165455246,1
4,165594596,1
4,165691493,1
4,165692229,1
4,166003901,1
4,166004021,1
4,166004064,1
4,166005088,1
4,166005158,1
4,166019857,2
4,166019903,-2
4,166899622,-1
4,166905838,1
4,167003141,-1
4,167071201,-1
4,169180317,-1
4,169515840,-2
4,169765540,1
4,169765758,1
4,170497284,-1
4,170547224,-1
4,170547533,-1
4,170547680,-1
4,170671640,-1
4,170825813,-1
4,170836447,-1
4,171082944,1
4,171809344,1
4,172048414,1
4,172138574,0
4,172138678,-1
4,172222874,-2
4,172253681,1
4,172253770,1
4,172464426,-1
4,172777922,1
4,172792747,-1
4,173331870,-2
4,174024430,1
4,174073107,1
4,174073174,-1
4,174748659,1
4,174809428,-1
4,174809466,1
4,174878964,-1
4,175309532,2
4,175754513,-2
4,175754864,-2
4,175757266,-1
4,175757521,2
4,175759262,0
4,175761060,0
4,175776148,-1
4,176012721,-4
4,176108276,-1
4,176386957,1
4,176387041,1
4,176531068,1
4,176890716,3
4,176891045,2
4,177081717,1
4,177081819,1
4,177372579,-1
4,177469666,0
4,177616284,-1
4,178318954,1
4,178318990,1
4,178606928,1
4,179678903,-1
4,180246893,-1
4,182959855,1
4,182960108,1
4,182960128,1
4,183235822,-1
4,185037865,1
4,185037876,0
4,185617585,0
4,185830249,1
4,185890161,-1
4,185906711,-1
4,185906902,-1
4,185954508,-1
4,186043123,-1
4,186043707,-1
4,186044081,-1
4,186044666,-1
4,186050478,-1
4,186051592,-4
4,186052293,-2
4,186685519,1
4,186685592,1
4,186782210,-3
4,186833198,-1
4,187011567,-1
4,187125386,-1
4,187125399,1
4,187125405,1
4,187206270,-1
4,187450216,-1
4,187450317,-1
4,187538735,0
4,188375963,1
4,188376033,1
4,188388148,1
4,188491252,-1
4,188491775,1
4,188492767,1
4,188556517,1
4,188589384,1
4,188663823,-2
4,188669152,1
4,189402787,-1
4,189543750,-2
4,189544843,-2
4,189558431,-1
4,189916771,-1
4,190444968,0
4,190445023,1
4,190794801,0
4,190795641,-1
4,191006256,-1
4,192050283,0
4,192397753,-2
4,192397824,-2
4,192397986,-2
4,192398011,-2
4,192901640,-1
4,193403866,1
4,193532600,1
4,193683149,0
4,193913445,1
4,194387510,-1
4,194520177,1
4,194520194,1
4,194674132,-2
4,194674487,-2
4,194693178,-1
4,195374761,2
4,195556999,1
4,196096110,1
4,196269216,1
4,196429493,1
4,196986157,2
4,197329765,1
4,197329788,1
4,197329912,1
4,197329998,1
4,197565261,1
4,198109242,1
4,198171375,1
4,198250631,3
4,198294402,-1
4,198358960,-1
4,198741041,2
4,199031586,2
4,199097673,2
4,199097709,2
4,199097755,2
4,199704952,1
4,199705010,1
4,199705045,0
4,199705171,0
4,199705383,1
4,200365152,1
4,200510976,1
4,201015621,3
4,201017105,3
4,201017268,3
4,201017745,1
4,201017908,1
4,201289362,-1
4,201911023,-1
4,201911724,-1
4,201930000,-1
4,201930259,-1
4,201930451,1
4,202618941,-1
4,202619041,-1
4,202619140,-1
4,202619890,-1
4,203514547,-1
4,205485131,-1
4,205485253,-1
4,205725723,-1
4,206254774,-1
4,206255834,-2
4,207347449,-1
4,207457311,-2
4,207457414,-3
4,208124679,-1
4,208124956,-1
4,208237736,0
4,208415819,-1
4,208416072,-1
4,208420325,-1
4,208420774,-1
4,208994451,-1
4,209046230,-1
4,209046278,-1
4,209046533,1
4,209046564,1
4,209637889,-2
4,209744298,-1
4,209744308,-1
4,209744363,-1
4,209744542,-1
4,209902518,-1
4,210010054,-1
4,210015871,0
4,210016952,4
4,210017364,3
4,210017403,3
4,210132923,-1
4,210133060,-1
4,211950888,1
4,212182613,1
4,212182621,-1
4,212182651,-1
4,215410881,-2
4,215439948,-1
4,215445387,2
4,216780895,1
4,216853992,-1
4,216854053,-1
4,216854191,-1
4,216854339,-1
4,216854411,-1
4,216854529,-1
4,217266175,1
4,217279832,1
4,217280620,0
4,217280726,0
4,217299487,-1
4,217561848,-3
4,218915232,0
4,218915247,0
4,219200067,1
4,220026887,-1
4,220114855,1
4,220153604,-1
4,220255128,-2
4,221299945,-2
4,221839888,-1
4,221839958,-1
4,222169323,1
4,222572989,-2
4,223649533,1
4,223980112,-1
4,224309367,-1
4,224586253,-2
4,224608281,-1
4,224609701,-1
4,224609712,-1
4,225418156,-1
4,225418166,-1
4,225418179,-1
4,226043330,4
4,226517402,-1
4,226806795,1
4,226806858,1
4,227482296,-1
4,227647513,-1
4,227748615,-1
4,227813054,1
4,228239168,-1
4,228549114,1
4,228570143,1
4,228570174,1
4,228938922,1
4,229467125,-3
4,230077409,-1
4,230077586,-1
4,231033543,1
4,231034064,1
4,231684017,-1
4,232502357,-4
4,233221170,-1
4,233717584,-1
4,233717899,-1
4,233760002,-1
4,233760051,-1
4,233762889,-1
4,233763217,-1
4,233763231,-1
4,233808833,-1
4,234165039,4
4,235141418,2
4,235141744,-2
4,235615741,-1
4,235812549,1
4,235812673,1
4,235812700,1
4,235812870,-1
4,236930975,-11
4,237921977,-1
4,238162541,3
4,238221272,1
4,238221393,1
4,238221556,1
4,238239845,-1
4,238496524,1
4,238497284,-1
4,238497292,-1
4,239108286,-1
4,239108587,1
4,239109309,0
4,240250024,1
4,240250046,1
4,240582812,-2
4,240582890,-2
4,240582991,2
4,240583080,2
4,240583198,2
5,906143,-1
5,923417,1
5,923610,0
5,1567337,1
5,1567595,-1
5,2316747,1
5,2316800,1
5,2586572,-1
5,2586580,-1
5,2589180,1
5,2590233,1
5,2590943,1
5,2591249,1
5,2592955,1
5,5552043,-3
5,8637214,-1
5,8637724,1
5,8637786,-2
5,8637990,2
5,9382642,-1
5,9483399,1
5,9648175,-1
5,9674087,-1
5,9674622,1
5,9722865,-1
5,9723020,-1
5,9723239,-1
5,9724094,0
5,9962991,-2
5,9986180,0
5,10091787,-1
5,10102347,1
5,10236091,1
5,10243433,-1
5,10410880,-1
5,11830405,3
5,12216488,1
5,12845846,0
5,13240679,-1
5,13240948,-2
5,13886879,0
5,14115083,1
5,17365093,-2
5,23516436,1
5,23519251,1
5,23849134,1
5,23849224,1
5,23849236,1
5,23849382,1
5,24006676,1
5,24015933,1
5,24529625,1
5,28340788,1
5,28466622,1
5,28813377,-1
5,32899420,1
5,33306643,1
5,34324567,1
5,34324581,0
5,34325240,0
5,34325345,5
5,34325617,2
5,35084504,1
5,35729044,1
5,37717648,-1
5,37725291,-1
5,39925324,-2
5,44650979,-1
5,45311965,1
5,52310974,-1
5,54529336,1
5,54529441,1
5,54529577,1
5,55111300,-1
5,56769065,3
5,56769072,3
5,59002374,1
5,59819353,-1
5,60684356,0
5,64878612,-1
5,66059704,-2
5,70098649,1
5,70803958,1
5,71717057,0
5,75323712,1
5,75323762,1
5,76688704,-1
5,76688732,1
5,76696516,-1
5,76696551,1
5,77237734,1
5,77237747,1
5,79235943,0
5,79236807,1
5,80695086,-1
5,80695189,1
5,82587658,-4
5,85412826,1
5,86975356,1
5,86975456,-1
5,86975603,-1
5,90869246,1
5,93831664,-1
5,101657762,-1
5,101657806,1
5,108343645,0
5,108343689,-1
5,108343872,-1
5,108343894,-1
5,108344051,-1
5,110104314,0
5,110239716,-1
5,116013595,1
5,116013769,-1
5,123718321,2
5,127546320,1
5,130742810,-1
5,135631601,1
5,135631770,-1
5,135631864,-1
5,135632309,-1
5,136066197,1
5,137191954,0
5,138117216,1
5,138125178,-1
5,146406470,1
5,154116760,1
5,163151074,1
5,164380837,-1
5,164382378,-1
5,168434696,1
5,168435106,1
5,171604820,3
5,171967279,0
5,171967321,-1
5,175672263,1
5,175726434,-1
5,175776661,-1
5,176634226,-1
5,176634283,1
5,178784373,1
5,178995859,-1
5,179323836,-2
5,179324109,-2
5,179591511,-2
5,179802979,-1
5,179802986,1
5,179803072,0
5,179803267,-1
5,179837101,-1
5,179890794,-2
5,179890797,-2
5,180050761,-1
5,180050843,-1
5,180051052,-1
5,180226098,-1
5,180422774,1
5,180929063,4
5,180933859,1
5,180934303,1
5,180934406,1
5,180950972,3
5,180960755,-4
5,181638797,2
5,182505605,1
5,182816324,-1
5,183199705,-1
5,183257339,3
5,183662784,-3
5,183663030,-1
5,183669016,1
5,183729900,1
5,183755212,1
5,183808341,2
5,184117012,1
5,184283733,-1
5,184387055,-2
5,184387064,-2
5,184395809,-1
5,184757741,1
5,184789966,-2
5,184790438,-2
5,185355896,1
5,185618797,1
5,185696405,-1
5,185707486,1
5,185718746,-1
5,185749152,2
5,186161500,1
5,186563160,1
5,187014204,-3
5,187014248,-3
5,187014304,-2
5,187385553,-1
5,187718478,-1
5,187718512,1
5,188424007,-1
5,188436462,-2
5,188437292,-1
5,188438190,-1
5,188439639,1
5,188517952,-8
5,188522640,-1
5,188522679,-1
5,188524312,-1
5,189457143,1
5,190739713,1
5,190800714,1
5,190800743,1
5,190801074,3
5,190801363,5
5,191731038,2
5,192046934,2
5,192048070,0
5,192090988,-1
5,192204363,-1
5,192220668,1
5,192485189,-1
5,192485224,-1
5,192615346,3
5,192615359,-3
5,192666648,1
5,193501665,-1
5,193505441,1
5,195028499,-1
5,195029065,-1
5,195033735,-1
5,195033740,-1
5,195033752,-1
5,195239686,1
5,195535509,-1
5,196079528,-1
5,196839925,-1
5,197499930,-1
5,197500245,1
5,197633284,1
5,197642866,1
5,197642868,1
5,197643505,1
5,197750042,0
5,197921457,-1
5,198126601,-1
5,198828239,-1
5,198928672,-1
5,198928696,-1
5,199257392,1
5,199272256,-1
5,199421255,1
5,199421267,1
5,199427435,1
5,199557419,1
5,199558771,1
5,199812521,-4
5,199815315,1
5,200154906,-3
5,200155216,-3
5,200165504,-1
5,200222747,-1
5,200419868,-2
5,200481221,-1
5,200492361,-1
5,200495922,-1
5,200496331,-1
5,200544859,-1
5,200653086,-2
5,201441453,1
5,201459732,1
5,201508588,2
5,201508675,1
5,201508698,1
5,201527365,2
5,201650289,2
5,201990578,1
5,202107148,2
5,202107213,2
5,202119932,1
5,202120874,1
5,202121145,1
5,202121149,1
5,202121258,1
5,202286013,1
5,202286098,1
5,202451892,1
5,202452450,1
5,203681863,-1
5,203702535,2
5,203708416,1
5,203708667,-1
5,203708730,-1
5,203708887,-1
5,203708934,-1
5,203709295,-1
5,203755318,1
5,203996141,3
5,204115710,-1
5,204117371,1
5,204221363,1
5,204249968,0
5,204640352,1
5,204640441,-1
5,204648236,-4
5,204657631,-1
5,204685924,1
5,204772304,1
5,204772485,1
5,204862018,-1
5,204862345,-2
5,204883557,-1
5,205204588,1
5,205205066,-1
5,205233761,1
5,205234035,1
5,205339284,-1
5,205339312,-1
5,205339815,-1
5,205339840,-1
5,205382401,1
5,205383519,1
5,205601406,-2
5,205897967,2
5,205982624,-1
5,205987500,1
5,206085198,-1
5,206202774,-1
5,206205906,-1
5,206206859,1
5,206328994,0
5,206329547,-2
5,206373389,1
5,206373473,1
5,206373510,1
5,206374073,1
5,206511036,5
5,206511534,5
5,206511607,5
5,206512582,3
5,206513662,3
5,206513904,1
5,206668734,4
5,206777432,-1
5,206961901,1
5,206962020,1
5,206962249,1
5,207192947,0
5,207193341,-2
5,207538770,-1
5,208226424,-1
5,209812012,0
5,210004727,-1
5,211350457,-1
5,211719471,-1
5,211846231,1
5,211846265,1
5,211963454,0
5,212048074,1
5,212512047,-1
5,212719804,-1
5,213020276,0
5,213020345,0
5,213020361,-1
5,213020452,-1
5,213020494,-1
5,213020790,-1
5,213020908,0
5,213021245,0
5,213021430,0
5,213047295,-1
5,213047451,1
5,213087201,3
5,213127033,1
5,213127095,1
5,213127319,1
5,213155591,1
5,213155657,1
5,213336161,-2
5,213392808,-4
5,213393098,-2
5,213394534,-3
5,213394679,-2
5,213394887,-2
5,213774423,1
5,213785028,1
5,213785173,1
5,213868468,1
5,214127784,-1
5,214141086,-1
5,214159661,-1
5,214423640,1
5,214540393,0
5,214574935,-2
5,214575389,2
5,214577517,1
5,214778155,1
5,214812791,1
5,215282709,-1
5,215282961,-1
5,215315150,-1
5,215315161,-1
5,215315560,-1
6,1078408,-1
6,1225024,-1
6,1226080,0
6,1230949,-1
6,1230981,-1
6,1336716,-1
6,1336836,-1
6,1336951,-1
6,1374292,-1
6,1537238,-2
6,2592773,-1
6,2725241,-1
6,3187324,1
6,3252268,-2
6,3575105,1
6,4018374,1
6,6004040,-1
6,7458283,1
6,13082456,-2
6,13083202,-2
6,13083498,-2
6,13783143,1
6,16157885,1
6,17486367,-1
6,17648518,1
6,19877071,1
6,21285232,1
6,22559993,-1
6,26658968,2
6,26659191,2
6,27459914,1
6,27460969,0
6,27494931,-1
6,27495079,0
6,27495639,-1
6,27495769,-1
6,27496024,1
6,34889788,0
6,35893785,5
6,36487989,0
6,42741114,-1
6,42741134,-1
6,44994584,1
6,44994635,1
6,44995037,0
6,51068847,-1
6,51938294,0
6,54076650,1
6,58674683,1
6,58852323,1
6,58852332,-1
6,65425613,0
6,65992457,-1
6,65992636,0
6,65992853,0
6,70030945,0
6,70377382,1
6,70377505,1
6,73070213,2
6,73070693,0
6,73070876,2
6,73417783,-1
6,78787887,1
6,78787940,1
6,80212843,3
6,81297824,1
6,88733352,0
6,88850234,1
6,88850247,-1
6,88851148,-1
6,88851974,0
6,88978306,-1
6,89628058,-1
6,91799418,-4
6,91800475,-3
6,91917252,-1
6,94662088,0
6,95300074,-1
6,95300102,1
6,95300186,-1
6,95300236,-1
6,95378365,0
6,95459031,-1
6,95459044,-1
6,95484293,-1
6,95561720,-1
6,95561839,0
6,95562091,1
6,95635504,1
6,95635745,-1
6,95636000,-1
6,95727730,-1
6,96004910,1
6,96106879,1
6,96109358,1
6,96727168,1
6,96843115,-1
6,97064769,-1
6,97064860,1
6,97065900,-1
6,97242441,2
6,98250841,1
6,98457137,-1
6,99848699,-3
6,100908922,-1
6,101683889,0
6,102262680,0
6,103671656,1
6,103672050,1
6,103773238,2
6,105331372,0
6,105394150,-1
6,105714381,-1
6,108180291,1
6,110188802,3
6,110592923,1
6,110593134,0
6,115920322,-1
6,116234616,-1
6,116387477,1
6,121484791,4
6,121738455,-1
6,121738460,1
6,121738463,-1
6,121738677,-1
6,123854806,1
6,124672288,4
6,124672312,4
6,127848197,4
6,129226373,2
6,129226560,-2
6,129454167,-1
6,131668156,-2
6,133393070,1
6,134887774,1
6,135258694,-1
6,135258708,-1
6,135262141,1
6,136832222,0
6,136882151,1
6,137440287,1
6,137440305,1
6,137440709,1
6,137846041,0
6,141847760,-3
6,141850988,0
6,142681336,0
6,143535911,3
6,143959173,-1
6,145720338,-1
6,146574902,-1
6,146755795,-1
6,146761153,-1
6,146808532,-1
6,148096286,-1
6,148550077,1
6,148784877,-1
6,149022997,-1
6,149023042,-1
6,149023460,-1
6,149023503,-1
6,149667609,1
6,149720415,-1
6,149720530,-1
6,149720595,1
6,149720605,1
6,149787920,0
6,149865475,1
6,149881469,-1
6,150018889,1
6,150019001,1
6,150253951,1
6,150268070,-1
6,150268433,-1
6,150268445,-1
6,150797493,2
6,150864180,-1
6,150873048,1
6,150935728,1
6,150936546,2
6,150936647,-1
6,150972041,-1
6,150998188,-1
6,150998546,1
6,150998795,1
6,150998924,1
6,150999052,1
6,150999205,1
6,150999220,1
6,151086821,-2
6,151421064,-1
6,151422020,-1
6,151650460,-2
6,151964118,1
6,151982611,-1
6,151982984,-1
6,151983024,-1
6,152017584,-2
6,152406584,2
6,152679874,-1
6,152679932,-1
6,152680058,-1
6,152701173,1
6,153039205,1
6,153606620,1
6,153697260,-3
6,153697264,-3
6,155424213,-1
6,157079620,4
6,157079640,-4
6,157079753,-4
6,157079879,-4
6,157079922,0
6,157079944,4
6,157080225,0
6,157080274,0
6,157080325,4
6,157474989,1
6,157475142,1
6,158382724,-1
6,159295060,1
6,159373282,1
6,159373364,1
6,159379432,-1
6,159578425,1
6,159578999,1
6,159784318,1
6,159812523,1
6,160040820,2
6,160225286,1
6,160235278,1
6,160248597,-1
6,160525329,1
6,160813943,1
6,160814097,2
6,160816685,1
6,160819672,1
6,160819774,1
6,161367952,-1
6,161368083,0
6,161368177,0
6,161605917,-1
6,161611641,1
6,161614133,1
6,161744630,1
6,161744972,-1
6,161844698,1
6,161844712,-1
6,164066167,-3
6,164066340,-3
6,164306363,1
6,164774294,0
6,164774505,2
6,165007560,1
6,165007572,1
6,165602280,0
6,165602376,0
6,166587234,-3
6,166587253,-3
6,168469501,1
7,20872,-1
7,28215,-1
7,575875,-1
7,1202918,-1
7,2969381,-1
7,2970340,1
7,2970556,-3
7,3012643,-1
7,5568387,1
7,5569695,-2
7,6151379,0
7,6151451,0
7,7259727,0
7,8052542,2
7,8052565,2
7,8372858,1
7,10379797,-1
7,10380046,0
7,11734685,0
7,13580533,1
7,13580634,1
7,14337905,1
7,14919015,-1
7,15015230,1
7,15491767,-1
7,16138389,0
7,17529726,1
7,17529763,1
7,17529912,-1
7,17597985,0
7,18042188,-1
7,18042646,1
7,18064608,1
7,18234496,1
7,18234548,1
7,18234636,1
7,18235213,2
7,18626027,2
7,18887363,1
7,19063898,4
7,19064750,1
7,19064882,-1
7,19094873,1
7,19094902,1
7,19095085,-1
7,19095126,1
7,19095171,1
7,19095231,1
7,19095314,1
7,19095350,1
7,19095394,-1
7,19095651,-1
7,19095819,1
7,19096062,1
7,19096284,1
7,27334888,-1
7,27334921,-1
7,28227338,1
7,28227487,0
7,28596564,-1
7,33294105,1
7,41484406,-1
7,41621341,0
7,44735518,-1
7,44736203,-1
7,46308264,-1
7,49162027,0
7,49162087,1
7,52018767,-1
7,57082292,2
7,57082328,2
7,63488088,-1
7,63488091,-1
7,73028131,0
7,76442909,1
7,76442957,-1
7,76442999,1
7,81954455,1
7,81954472,1
7,86496530,0
7,87820106,2
7,87820257,2
7,88182574,-2
7,90706661,-1
7,91220545,1
7,93104208,0
7,93104612,0
7,93104766,0
7,93104872,0
7,93104927,0
7,93191392,1
7,94054771,-1
7,94083442,-1
7,95003084,1
7,95128237,2
7,95456850,-1
7,95459726,2
7,97190180,-1
7,99012481,1
7,99270971,-1
7,99319729,-1
7,99319741,-1
7,99876265,-2
7,100267358,-1
7,100291871,1
7,100361670,1
7,100823789,2
7,100911436,-1
7,101168504,-1
7,101547871,-1
7,101603181,-1
7,101771182,2
7,101915069,1
7,101915076,1
7,101930666,-1
7,102674824,-1
7,102675027,-1
7,102675064,-1
7,103592023,1
7,105538691,0
7,105538766,1
7,105538804,1
7,106258330,1
7,106258430,1
7,106528125,-1
7,107267623,-1
7,107599762,-3
7,107883954,-1
7,107885409,1
7,107954759,-1
7,108415882,-1
7,108633805,-1
7,109086378,1
7,109337088,1
7,109751709,1
7,109751800,1
7,111111810,-1
7,111111920,-1
7,111361665,1
7,111365592,2
7,111365603,2
7,111365634,2
7,111449015,1
7,111688680,-1
7,111688738,-1
7,111831549,1
7,112029643,-1
7,112150724,1
7,112305636,0
7,112305865,-1
7,112497842,3
7,112498171,-1
7,116597704,1
7,116598327,1
7,118442218,-1
7,118442256,-1
7,122962673,1
7,124252641,-1
7,124252702,-1
7,124959620,1
7,125137111,-1
7,125668083,1
7,126258473,-1
7,126864557,1
7,126922882,2
7,127290017,3
7,127290037,3
7,127620624,-1
7,127625811,-2
7,127753014,-1
7,127753019,-1
7,129132303,-1
7,129132338,1
7,129132377,1
7,129391191,1
7,130134123,-3
7,130354552,-1
7,130354667,-1
7,130731618,1
7,130731703,-1
7,130816815,-1
7,131222711,3
7,131227718,1
7,131383488,0
7,131388110,0
7,131388116,0
7,131428178,1
7,131469608,1
7,131470038,1
7,131818550,1
7,131859121,6
7,132109359,1
7,132123797,1
7,132130622,0
7,132548795,1
7,132719541,1
7,132842938,1
7,133191220,-1
7,133294081,0
7,133402856,-1
7,133563112,-1
7,133639160,-2
7,133639391,-2
7,133639478,-3
7,133840405,-2
7,134040600,-2
7,134041595,-1
7,134041642,-1
7,134071661,1
7,134071792,1
7,134072080,1
7,134118628,1
7,134171894,1
7,134880298,-1
7,134880499,-1
7,135873525,-1
7,136060193,2
7,136060282,-3
7,136060554,-1
7,136302521,-1
7,136412156,-2
7,136412441,-2
7,136605508,-6
7,136606336,-1
7,136606483,-1
7,137057841,0
7,137136695,-1
7,137136753,-1
7,137137596,-1
7,137522641,2
7,137523316,3
7,137551886,-2
7,137552064,-2
7,137651214,1
7,137652658,-1
7,137652738,-1
7,137652807,-1
7,137652964,-1
7,137652988,-1
7,137653174,-1
7,137653607,-1
7,137861519,-1
7,138131256,0
7,138417813,1
7,138723164,1
7,139248788,1
7,139248795,-1
7,139405795,1
7,139406010,-3
7,139961733,1
7,139961755,2
7,140003186,0
7,140003455,-2
7,140608807,0
7,140749965,1
7,140750059,1
7,140750346,1
7,140851110,1
7,141038595,-3
7,141171294,-1
7,141174498,-1
7,141614729,5
7,141631326,-1
7,141677926,-1
7,141693795,-1
7,141712646,-1
7,141917567,-3
7,141917691,-3
7,141937861,-2
7,141943270,-1
7,141943747,-1
7,141984583,-1
7,142040187,-1
7,142150277,-1
7,142818904,1
7,142819011,-1
7,142819675,-1
7,142819689,-1
7,142888662,-3
7,142888668,-3
7,142888781,-1
7,142889652,-1
7,142892770,-1
7,143430479,1
7,143430532,1
7,143643515,1
7,144343301,1
7,145118440,-2
7,145335615,-2
7,145336371,-1
7,145336417,-1
7,145336553,-1
7,145336645,-1
7,145336685,-1
7,145336854,-1
7,145337497,-1
7,145337806,-1
7,145338026,-1
7,145338031,-1
7,145657909,0
7,145658491,0
7,145658647,-1
7,145669536,-1
7,145708947,-1
7,146155694,-1
7,146523795,1
7,146530067,1
7,146623216,1
7,146623263,1
7,146638649,1
7,147095895,1
7,147152058,2
7,147152307,1
7,147170284,-1
7,147200231,1
7,147417067,-1
7,147624903,2
7,147871012,1
7,147871049,1
7,151231788,-1
7,152279294,-1
7,152279578,1
7,152533102,-1
7,152816697,-2
7,152816744,-1
7,153136223,3
7,153327444,-1
7,153461125,-1
7,153617197,1
7,153857664,-1
7,154160914,1
7,154230049,1
7,154469905,1
7,154469911,1
7,154507357,1
7,154553580,4
7,154664944,1
7,155151687,1
7,155396932,1
7,155401799,1
7,155408293,1
7,155408374,1
7,155411007,1
7,155623724,2
7,156515932,-1
7,161292558,1
7,161292690,1
7,161292753,1
7,161532490,1
7,161842022,0
7,161845107,-1
7,161899462,-1
7,162195826,1
7,162247426,1
7,162270884,1
7,162358954,1
7,162383598,2
7,164712286,1
7,165035138,-1
7,165035147,0
7,165035185,0
7,165855179,1
7,165855184,1
7,165946333,1
7,165946516,0
7,165946756,-1
7,166414731,-1
7,166427140,-2
7,167383416,-1
7,167539768,-1
7,167540874,-1
7,167540940,-1
7,167541781,-1
7,167543373,-2
7,167544151,-6
7,167857889,1
7,167946903,-4
7,167954389,-2
7,168118613,1
7,168119346,1
7,168122329,-1
7,168124540,1
7,168343837,1
7,168344176,1
7,168618053,-2
7,168906587,0
7,169217238,0
7,169217241,0
7,169308675,3
7,169309197,-5
7,169309666,1
7,169309758,1
7,169380782,0
7,169380889,0
7,169979775,0
7,170071744,1
7,170532220,1
7,170539218,-2
7,170539405,-2
7,170539514,2
7,170689294,-1
7,170689413,1
7,170877872,-1
7,171030379,-1
7,171079097,1
7,171384635,-1
7,171578290,1
7,171587348,-1
7,171672849,-4
7,172155781,-2
7,172156486,-4
7,172156645,-1
7,172156952,-1
7,172242225,-1
7,172374400,1
7,172506190,2
7,172506878,1
7,172548185,2
7,172548195,2
7,172548234,2
7,172625250,1
7,173016185,1
7,173191744,-1
7,173323970,-1
7,173326261,1
7,173641702,1
7,173787143,-1
7,173787175,-1
7,173849765,-1
7,174271930,-2
7,174334567,-1
7,174390221,1
7,174390411,1
7,174619015,-1
7,174759363,1
7,174793596,-1
7,174804422,-1
7,174806148,-1
7,176585846,-1
7,176585851,1
8,409132,0
8,619716,-1
8,870200,-1
8,870261,1
8,4625046,0
8,5695347,1
8,6891689,1
8,6892249,1
8,7428383,2
8,7749359,-1
8,7834684,-1
8,7870224,1
8,7982284,1
8,7982285,1
8,8004416,-3
8,8007020,1
8,8008056,1
8,8008085,1
8,8008159,1
8,8008690,1
8,8276184,4
8,8276300,2
8,8276373,2
8,8276384,2
8,8276874,2
8,8282547,1
8,8308152,-2
8,8558516,-1
8,8861033,-2
8,8885826,1
8,8885918,1
8,8885950,1
8,9380591,1
8,9463404,1
8,9629260,-1
8,9629322,-1
8,9629698,-2
8,10084977,-1
8,10093214,-2
8,10286890,-1
8,10392573,2
8,10392932,-2
8,10510739,-1
8,10587939,-1
8,10588194,-1
8,10759448,1
8,10761975,-1
8,10811958,1
8,10811986,1
8,10812152,1
8,10856042,1
8,10856092,1
8,10926640,2
8,10926836,1
8,11503270,-4
8,11585959,-1
8,11685062,-1
8,11685792,1
8,11685859,1
8,11686270,-1
8,12198841,2
8,12199058,0
8,12199284,2
8,12199319,2
8,12276685,-1
8,12719710,1
8,12719770,0
8,12905493,1
8,12905654,1
8,12905690,1
8,12993142,1
8,13205740,0
8,13374774,3
8,13802661,1
8,13802664,-1
8,13802691,1
8,14059163,1
8,14059228,1
8,14394845,-1
8,14704116,-1
8,14796844,1
8,14796895,2
8,14849590,1
8,14849693,1
8,14849805,1
8,14849816,1
8,14849985,1
8,14850400,-1
8,15111896,1
8,15472841,1
8,15960922,1
8,15989429,-1
8,16433486,5
8,16856852,-3
8,17064111,-1
8,17307694,1
8,17309009,1
8,18217538,-2
8,18217967,2
8,18257334,1
8,18446487,-1
8,18446505,-1
8,18449810,1
8,18449841,1
8,18453264,-1
8,18453606,-2
8,18612462,-2
8,19046399,-1
8,19046476,0
8,19046538,0
8,19046730,-1
8,19681340,1
8,19681576,-1
8,19793935,-1
8,19978315,-1
8,19978414,-1
8,20084794,-2
8,20303545,1
8,20675000,-4
8,20693181,0
8,20693230,0
8,20980906,-1
8,22175281,-2
8,22826071,1
8,23387997,-1
8,23808406,-2
8,23808837,-5
8,23809207,0
8,24535238,-1
8,25353857,-3
8,25354830,-4
8,25881204,1
8,26103983,-1
8,26873867,-1
8,27291980,-1
8,27854247,1
8,27854263,1
8,27854429,1
8,27854435,1
8,28165946,2
8,28529873,1
8,28530217,1
8,28530369,1
8,28530558,1
8,28530614,1
8,28530643,1
8,28530690,1
8,28530744,-1
8,28530756,1
8,28693322,-1
8,28693369,1
8,28851615,-2
8,28851620,-2
8,29615268,1
8,29998619,1
8,30194149,-1
8,33294796,-1
8,33373692,2
8,33672139,-1
8,33672584,-3
8,33851211,-2
8,34487711,1
8,34489922,1
8,34669194,-1
8,35006092,1
8,35006103,1
8,35006487,1
8,35006614,-1
8,35006698,1
8,35454262,-1
8,36511925,-1
8,36511941,1
8,36549052,-1
8,36691160,-1
8,36731601,-1
8,37655412,-3
8,37677421,-1
8,39409859,-1
8,39409943,-1
8,40691238,-1
8,40792810,-3
8,40792934,-3
8,40793120,-1
8,40793133,-1
8,40793152,-1
8,40793199,-1
8,41352159,-1
8,42015228,-2
8,42959272,-1
8,43295197,-1
8,52844920,-1
8,52844924,-1
8,53389283,-2
8,53762698,-1
8,53762701,-1
8,53762820,-1
8,54059532,-1
8,54063134,2
8,54063183,-2
8,54063249,-2
8,55128987,0
8,55129242,-1
8,55129281,1
8,55129350,-1
8,55514133,-1
8,55514236,-1
8,55844657,0
8,56514883,-1
8,59012026,-1
8,59143228,-1
8,59822663,-2
8,60544096,1
8,60904805,-1
8,60904916,-1
8,62658924,-1
8,62954372,-1
8,63528594,1
8,63528697,-1
8,63528769,1
8,64094376,-1
8,64094520,-1
8,64518302,-1
8,65484623,-1
8,65496833,-1
8,65614609,-2
8,66171164,-3
8,66172065,2
8,66503612,-1
8,67011549,-1
8,67811468,-1
8,67907301,-1
8,68139401,-1
8,68140277,-1
8,68461567,2
8,68658312,1
8,69658952,1
8,69890604,-1
8,70048520,-1
8,70119031,-1
8,70799943,1
8,71148776,-3
8,71361133,-1
8,71584795,1
8,71584831,1
8,73677028,1
8,75163926,-1
8,75340351,1
8,75835501,-1
8,76752353,1
8,76753016,1
8,76753056,1
8,77884333,-1
8,79388742,-1
8,79908405,-1
8,80147608,-1
8,80147742,-1
8,80202688,1
8,80666755,-1
8,80666857,1
8,80768115,-1
8,80768160,1
8,80768436,-1
8,81896244,1
8,82858868,1
8,83591216,1
8,83619788,1
8,83619819,1
8,83619897,1
8,84127973,2
8,85311569,1
8,85311581,1
8,86429973,1
8,86549379,-2
8,87004686,1
8,87027817,1
8,87548039,2
8,87905564,1
8,88472086,1
8,88472383,1
8,90247632,-1
8,90248074,1
8,90248967,0
8,90249326,1
8,90344666,-1
8,90344682,-1
8,90477596,-1
8,92687022,1
8,92690357,-1
8,92690361,-1
8,92690398,-1
8,92690454,-1
8,92690523,-1
8,93836509,-1
8,94085784,4
8,94107709,1
8,94221921,1
8,95083855,-1
8,95244610,1
8,95583844,-1
8,95590552,-1
8,97562351,1
8,97587880,1
8,98736988,-1
8,98737012,-1
8,99124199,1
8,99171854,1
8,99465880,-1
8,99715085,1
8,99715129,1
8,99908745,1
8,99908773,1
8,100537743,-1
8,100839000,1
8,100839001,1
8,100839097,1
8,101182709,1
8,101183551,1
8,101183568,1
8,101184040,1
8,101384169,-2
8,101473534,2
8,101647335,1
8,101853601,-1
8,102777422,-1
8,102777424,-1
8,102777786,-1
8,102778067,-1
8,102788946,-1
8,103986567,1
8,104147861,-1
8,104148059,-1
8,104148063,-1
8,104148135,-1
8,104447344,-1
8,104447495,-1
8,104447654,-1
8,105760992,2
8,105762144,1
8,105800381,1
8,105808546,2
8,106155900,-1
8,106155956,-1
8,106530244,-1
8,106608907,1
8,106974930,1
8,107310101,1
8,107694827,2
8,107728474,1
8,108026078,-1
8,108026150,-1
8,109094502,1
8,109426511,0
8,109740912,-2
8,109741768,2
8,109741970,-2
8,109742349,-2
8,110340909,1
8,110718722,-2
8,111154406,1
8,111351890,1
8,111676214,-2
8,111837516,2
8,111837568,2
8,111880408,1
8,111989451,0
8,112056718,1
8,112150736,-1
8,112293543,-2
8,112293696,-1
8,112373879,-1
8,112373890,0
8,112827514,-2
8,113393845,2
8,113393867,2
8,113394064,0
8,113864310,-1
8,113956756,-2
8,113956778,-2
8,114541267,-5
8,114541495,-5
8,114546802,-1
8,115434207,2
8,115434355,2
8,116198865,-1
8,116198929,-1
8,116199005,1
8,116199092,1
8,117102497,1
8,117275564,-2
8,117400646,-1
8,118296009,1
8,118313668,1
8,118421073,-1
8,118421080,-1
8,118712754,1
8,119248909,1
8,119782252,-1
8,120965151,-1
8,121014425,-1
8,121410804,-1
8,121412211,-1
8,121943126,-1
8,122434409,2
8,122482599,-2
8,122482835,-2
8,123373996,-1
8,123374004,-1
8,123428433,1
8,123672346,1
8,123674524,1
8,123674712,1
8,123676779,1
8,123676788,0
8,123676848,-1
8,123716636,1
8,123718246,1
8,123739638,1
8,125313660,-1
8,125314124,-1
8,126136523,1
8,126136536,1
8,126136622,1
8,126136867,1
8,126136930,1
8,127496515,1
8,127496588,1
8,127498635,-1
8,127498849,-1
8,128605841,1
8,128823647,1
8,129938378,-3
8,130047544,2
8,130771823,0
8,131106579,1
8,131106600,1
8,131106635,1
8,131215022,-1
8,131227470,-1
8,131903252,1
8,131903312,1
8,131904764,-2
8,131904912,-2
8,132051760,-2
8,132052461,-1
8,132052689,-3
8,132053453,-4
8,132053638,-2
8,132053811,-1
8,132055324,-1
8,132055354,-1
8,132055680,-1
8,132056684,1
8,132057237,-1
8,132057424,-1
8,132559316,1
8,132794106,2
8,132979253,-6
8,133602144,-1
8,133602467,-1
8,133698861,-4
8,133699511,0
8,133699889,-3
8,133699904,3
8,133700113,-3
8,133705041,0
8,133706522,0
8,133706759,-1
8,133706876,0
8,134055012,7
8,134055220,1
8,134055384,1
8,134055902,1
8,134275996,-1
8,134376656,-5
8,134376657,-5
8,134687134,1
8,134799931,1
8,135576432,-1
8,136373857,1
8,136652841,1
8,136674467,1
8,136754451,-2
8,137003070,-5
8,137064077,1
8,137293335,1
8,137293371,1
8,137293459,1
8,137293499,-1
8,137507167,-2
8,138058533,1
8,138091421,1
8,138091526,1
8,138091558,1
8,138182870,1
8,138197062,1
8,138203448,1
8,138403889,1
8,138403959,1
8,138418905,1
8,138419560,1
8,138419957,1
8,138420885,1
8,139021595,2
8,139699149,-2
8,139716894,-1
8,140038608,3
8,141131290,-2
8,141345383,1
8,141903165,-1
8,142536281,1
8,142536524,-1
8,142536769,-1
8,143211160,3
8,143235259,1
8,143239768,-6
8,143478090,1
8,143992982,2
8,143993114,-2
8,143993290,2
8,143993296,-2
8,144236018,1
8,144236028,1
8,144399368,1
8,144405619,-1
8,144501159,2
8,144501288,2
8,144582992,1
8,144583922,1
8,144584199,1
8,144584459,1
8,144676664,1
8,144684272,2
8,144698585,-1
8,144698715,1
8,144764168,1
8,145733882,-4
8,145733886,-1
8,145733905,-1
8,146600709,-1
8,146798528,-2
8,146811265,2
8,147451180,-1
8,148194496,-1
8,148194696,-1
8,148432673,-1
8,148461754,-1
8,148732782,-1
8,148734518,-1
8,148741922,-1
8,148836741,2
8,148963067,1
8,149087469,1
8,149536857,-1
8,149546617,-1
8,149546647,1
8,149547208,1
8,149547241,-1
8,149547268,-1
8,149552725,-1
8,149677159,4
8,149817105,1
8,149851398,1
8,149852814,1
8,149852951,1
8,150321034,1
8,150321057,-1
8,150343398,1
8,150343772,1
8,150442874,2
8,150503873,3
8,150504363,1
8,150504385,-1
8,150504521,1
8,150809766,-1
8,151963631,-1
8,151971415,-1
8,151971484,-1
8,152242313,-1
8,152303419,-1
8,152303760,-1
8,152677354,1
8,152677938,1
8,153396043,1
8,153692418,1
8,153803682,-2
8,154130566,1
8,154187932,1
8,154217392,-1
8,154220356,-1
8,154254769,1
8,154616180,1
8,154618102,1
8,154963539,1
8,155186062,1
8,155188307,1
8,155188714,1
8,155188801,1
8,155509334,-1
8,155509586,1
8,156005544,1
8,156005584,1
8,156012831,1
8,156012893,1
8,156028599,1
8,156029299,1
8,156178262,1
8,156178278,-1
8,156178411,-1
8,156260169,-2
8,156260175,-2
8,156264344,-1
8,156264961,-3
8,156411121,1
8,156423985,1
8,156638415,1
8,156854990,-1
8,157091956,1
8,157159263,1
8,157376406,1
8,158641257,-1
8,158937727,-1
8,158964645,-1
8,158964766,-1
8,158964831,-1
8,159191506,-1
8,159191513,-1
8,159191627,-1
8,159192123,-1
8,159246127,-1
8,159499319,1
8,159522911,-2
8,159785801,-1
8,159786865,-3
8,159908943,-2
8,159928488,-1
8,159943879,-1
8,159968151,-1
8,159968343,-1
8,159993484,1
8,160251567,-1
8,160312614,-1
8,160312780,-1
8,160528073,-1
8,160593569,-1
8,160720238,0
8,160766877,1
8,160940285,-2
8,160945929,-1
8,161019945,-1
8,161269449,-1
8,161330827,-1
8,161333169,-1
8,161339560,-1
8,161374876,0
8,161374915,0
8,161374990,0
8,161375019,0
8,161592472,-1
8,161735055,-1
8,161736131,-1
8,161736346,-1
8,161740326,-1
8,161740435,-1
8,161740460,-1
8,161788279,-1
8,162011425,-1
8,162059144,-1
8,162141285,-1
8,162179740,1
8,162179906,-1
8,162336410,-1
8,162336434,-1
8,162388615,0
8,163166296,3
8,163166456,-2
8,163167360,3
8,163167590,1
8,163168435,1
8,163204381,-1
8,163204557,1
8,163204653,1
8,163491294,-1
8,163491302,1
8,163735106,1
8,163985704,1
8,164103596,1
8,164107893,0
8,164177032,-4
8,164450551,-1
8,164482670,-1
8,164482705,-1
8,164752764,2
8,164816665,-1
8,164898782,-1
8,165106203,-1
8,165108348,-2
8,165265575,-1
8,165404619,-1
8,165630353,-2
8,165630354,-2
8,166053010,-1
8,166224895,-1
8,166332211,-1
8,166332561,-1
8,166366542,-1
8,166366581,1
8,166459901,1
8,166502175,-1
8,166502257,-1
8,166502983,0
8,166704543,-1
8,166705887,-1
8,166853802,-1
8,167015557,-1
8,167211318,-1
8,167216437,-1
8,167330505,-1
8,167384248,-1
8,167415009,-1
8,167538930,-1
8,167539149,-1
8,167539164,-1
8,167539245,-1
8,167550874,-1
8,167737591,-1
8,167747097,-1
8,167747112,1
8,167830711,-1
8,168042669,-1
8,168042674,-1
8,168296560,-4
8,168492199,-1
8,168509490,-1
8,168606323,-1
8,168606592,-1
8,169071758,-1
8,169178009,-1
8,169218508,-1
8,169245918,-2
8,169679548,-1
8,169712796,-1
8,169763054,-1
8,169763103,-1
8,169838650,-1
8,169843065,-1
8,169937177,-2
8,169937479,-2
8,170776262,1
8,171297810,0
8,172622343,-1
8,172942980,-2
8,172963301,-1
8,172963961,-3
8,172964419,1
8,173146417,0
8,173256447,-1
8,173256511,-2
8,173336954,0
8,173337598,0
8,173338183,1
8,173338245,0
8,173338355,0
8,173351542,-2
8,173351636,-2
8,173389812,-1
8,173390077,1
8,173418460,1
8,173489532,-1
8,173769007,3
9,1000097,1
9,1000099,1
9,1365417,-1
9,1750550,-1
9,5866423,-1
9,6011667,1
9,6575334,1
9,6575355,1
9,6575388,-1
9,7289216,-1
9,7289256,1
9,7419651,1
9,7419938,-1
9,7579032,-2
9,7579207,2
9,7664605,2
9,8136908,1
9,8136917,1
9,9319150,1
9,9645622,1
9,9646146,1
9,9646225,1
9,9649448,3
9,9649496,3
9,9657518,0
9,9819477,1
9,10777000,-1
9,10777733,-1
9,10778382,-1
9,10949983,0
9,11072189,-2
9,11082837,-1
9,11082915,-2
9,11089455,2
9,11089546,-2
9,11238686,-1
9,11238974,-1
9,11239170,-3
9,11255729,-1
9,11460795,1
9,11506020,1
9,11718808,1
9,11736278,1
9,11737959,-1
9,11746298,-1
9,11746356,-1
9,12028085,-1
9,12028473,1
9,12269704,5
9,12269719,-5
9,12331821,1
9,12331856,-1
9,12623788,1
9,12725567,-1
9,13156124,1
9,13776063,1
9,14158252,0
9,14318190,1
9,14319886,-1
9,14915000,2
9,14915735,-1
9,14915817,-1
9,14916672,-1
9,14916716,-1
9,14916777,-1
9,15592834,-2
9,15597843,1
9,16326564,-2
9,17076695,1
9,17076708,1
9,17076840,1
9,17077101,1
9,17077350,1
9,17077607,1
9,17240850,2
9,17650678,-1
9,17731122,-1
9,18144426,1
9,18144453,0
9,18541646,1
9,18630294,1
9,18730848,1
9,18897135,1
9,18921951,4
9,19014764,3
9,20189309,-1
9,20464669,1
9,20476693,3
9,20480736,1
9,20486270,1
9,20486330,0
9,20486372,1
9,20678128,-2
9,20705443,-3
9,20705539,-2
9,20705973,1
9,20706012,-1
9,20706109,-1
9,20747115,2
9,20747620,1
9,20758484,1
9,20840276,1
9,20840547,1
9,20840634,-1
9,21733542,-1
9,22056390,0
9,22056568,-1
9,22112368,3
9,22171759,1
9,22963761,-1
9,22963777,-1
9,23020133,-1
9,23546292,-1
9,23552470,3
9,23621504,0
9,23749286,1
9,24464943,-1
9,24465159,-1
9,24465199,1
9,24465209,-1
9,24519242,1
9,24611177,1
9,25272810,3
9,25478499,-1
9,25603487,-4
9,25660660,1
9,25723333,1
9,25740494,-1
9,25825590,1
9,25825828,-1
9,25826863,1
9,25827806,3
9,25827950,2
9,25871946,0
9,25935749,3
9,25935883,5
9,25936010,1
9,25994091,1
9,26562264,1
9,26608437,1
9,26619598,1
9,26619779,-1
9,26619932,-1
9,26620000,-1
9,26838365,1
9,26838884,1
9,26842506,1
9,26957586,-1
9,27105753,-3
9,27553213,-1
9,28862181,1
9,28862277,0
9,29881984,-2
9,30239323,-1
9,30239493,-1
9,30239522,-1
9,30239523,-1
9,30855691,-1
9,30855718,-1
9,30993237,2
9,31497096,-1
9,31882823,1
9,31939783,1
9,32306240,1
9,35853780,-1
9,36921102,-1
9,36921231,-1
9,36922245,-1
9,37419253,-1
9,37419744,-1
9,37559205,-1
9,37559257,1
9,37559735,-1
9,39123298,0
9,39123458,0
9,39289237,1
9,39880549,-1
9,39880550,1
9,39880649,1
9,39880760,1
9,39880932,-1
9,39880949,1
9,39880954,1
9,39915253,1
9,39916628,1
9,40360049,0
9,40361148,-1
9,40362908,1
9,40376607,1
9,40376652,1
9,40376743,1
9,42075086,1
9,42766979,-1
9,43847179,1
9,44263591,1
9,44485064,1
9,44797710,-3
9,45340872,-3
9,45382069,-1
9,45382077,-1
9,45382522,-2
9,45457306,-1
9,45457352,-1
9,49912845,0
9,50829413,1
9,56365279,0
9,58729988,0
9,58729999,-1
9,58730461,-1
9,72018689,1
9,72018694,1
9,72272790,3
9,73617184,0
9,76264454,-1
9,77474586,-1
9,77764425,1
9,77764469,1
9,78317940,1
9,78708751,4
9,78708819,4
9,79419554,1
9,79568951,1
9,81576205,1
9,81576457,1
9,81945320,-1
9,82665776,1
9,82752658,1
9,82752738,1
9,83099925,0
9,83366798,2
9,83999706,0
9,84000612,0
9,84001530,1
9,85231517,1
9,85231526,1
9,85876254,1
9,85876276,1
9,86236534,1
9,86236969,1
9,86307476,1
9,86307920,1
9,86816371,-1
9,87072564,1
9,87148828,1
9,88076830,-1
9,88261382,-1
9,88263521,-1
9,88697399,-1
9,89001338,1
9,89114423,-1
9,89166260,-1
9,89741784,2
9,89924824,1
9,89925443,1
9,90552547,-1
9,90800856,-1
9,90800922,-1
9,91037169,-1
9,91037251,0
9,91843255,6
9,92257897,-2
9,93743641,-1
9,93743706,-1
9,93928011,-3
9,94913020,0
9,95006800,-1
9,95019115,-2
9,95581137,-1
9,96463673,-2
9,97081768,-1
9,97194589,-1
9,97230574,-1
9,97231480,-1
9,97231642,1
9,97396881,-1
9,97952219,-1
9,98403928,-1
9,98436299,-1
9,98743645,-1
9,99181969,-1
9,99182110,-1
9,99357344,1
9,99357373,1
9,99357435,1
9,99357519,-1
9,99362608,1
9,100465796,1
9,100536387,-2
9,100875947,-2
9,101318060,1
9,101355323,0
9,101493628,-1
9,101493818,0
9,101493843,-1
9,101494903,-3
9,101514383,0
9,101747089,1
9,102271852,-1
9,102438291,-1
9,102439686,1
9,103111038,-2
9,103180368,1
9,103180711,1
9,103186489,4
9,103784658,1
9,103970262,1
9,104700913,0
9,106060917,0
9,106061030,-1
9,106061292,-1
9,106143795,-1
9,106258860,-2
9,106698905,-2
9,107353693,-1
9,107754804,-1
9,107812515,-1
9,107861390,-1
9,108119863,-2
9,108222801,-1
9,108226289,-1
9,108226554,-1
9,108226629,-1
9,108483313,-1
9,108483324,-1
9,109145091,-2
9,111568413,-1
9,111568609,-1
9,111568776,-1
9,111569453,0
9,111618983,-3
9,111619048,-3
9,111629390,-1
9,111629673,0
9,111802875,1
9,112347700,-1
9,112347737,-1
9,112827670,-1
9,112904361,-4
9,113083366,1
9,113239644,-1
9,113447486,2
9,113447558,-2
9,113758413,1
9,113758556,0
9,115345257,-2
9,116268120,-2
9,116703903,-1
9,116743204,0
9,116743212,2
9,116743223,2
9,116744784,0
9,116744852,0
9,116745037,0
9,116745050,0
9,116745352,1
9,116745415,0
9,116745476,0
9,116745620,0
9,116746000,-1
9,116746066,-1
9,116774206,-1
9,121800152,0
9,121800600,-2
9,122773715,0
9,122826646,-1
9,123668477,-1
9,123796458,1
9,124846681,1
9,124846956,1
9,125168699,-1
9,125168773,1
9,126096811,-3
9,126096834,3
9,126099162,1
9,126571374,1
9,126571414,1
9,129905322,1
9,130746319,-1
9,131079298,-1
9,132096767,-1
9,132285975,1
9,133354571,2
9,133405049,1
9,133407546,2
9,133469578,-1
9,133469659,0
9,133470141,1
9,133470706,-1
9,133648923,1
9,133651293,1
9,133651558,4
9,133799496,1
9,134371831,-1
9,134371960,-1
9,134543720,1
9,134551714,2
9,134768650,1
9,134769314,0
9,134769452,2
9,134799010,2
9,134799259,3
9,134823725,1
9,134826181,-1
9,134871211,-1
9,135087190,-1
9,135087356,1
9,135564647,1
9,135646068,1
9,136132396,3
9,137033961,2
9,137034123,2
9,138499431,-1
9,138689112,0
9,138750011,1
9,138961642,1
9,138961649,1
9,139154638,-2
9,139442191,-1
9,139665942,1
9,139666527,-1
9,139773358,-1
9,139773794,-1
9,139774310,-1
9,139774315,-1
9,139774379,-1
9,139774743,-1
9,139774866,-1
9,139775241,-1
9,139870808,1
9,139922890,4
9,139922904,4
9,139954677,1
9,139955062,1
9,139955955,1
9,140021819,-2
9,140092364,-1
9,140102640,-1
9,140420601,2
9,140616995,-1
9,140617772,1
9,141028512,0
9,141037156,-1
9,141039758,-1
9,141199145,-1
9,141376768,-1
9,141376771,1
9,142026885,1
9,142103666,-1
9,142187284,-1
9,142291953,-1
9,142294694,-1
9,142294962,-1
9,142455752,-7
9,142546580,-3
9,142721190,1
9,142721268,-2
9,142729617,1
9,142877987,0
9,142878134,-1
9,142994469,-1
9,143184127,-1
9,143184150,1
9,143202021,-1
9,143202061,-1
9,143253663,1
9,143295086,1
9,143295214,1
9,143307461,-1
9,143307588,1
9,143417383,-3
9,143421866,-2
9,144157467,1
9,144217525,2
9,144217828,1
9,144841547,1
9,145140268,1
9,145140269,1
9,145321955,0
9,145846510,-1
9,146279170,-1
9,146343344,-1
9,146466342,1
9,146519190,1
9,146595808,1
9,147037367,1
9,147038273,1
9,147632311,0
9,147632324,-1
9,147666152,-1
9,147666263,-1
9,147666382,-1
9,147730586,-4
9,147730661,1
9,147730962,1
9,147731225,-1
9,147733141,1
9,147752022,-1
9,147753541,1
9,147926291,-3
9,147927039,-1
9,147927356,2
9,147927375,2
9,150578351,-1
9,150578530,1
9,150712075,3
9,151540688,-2
9,151540715,-1
9,151566393,-1
9,151566404,1
9,151567119,-1
9,151578024,-2
9,151661527,1
9,151695900,3
9,151695980,1
9,151696001,1
9,151696304,-1
9,151748555,1
9,151749105,5
9,151827813,1
9,151830026,-1
9,151936382,1
9,151937463,1
9,151937628,1
9,151937737,1
9,151964493,-1
9,151964528,0
9,151977435,-1
9,151987836,1
9,151988708,-1
9,151988869,1
9,151988901,-1
9,151998350,-1
9,152085623,-1
9,152085854,-1
9,152087679,-1
9,152089898,3
9,152261611,-1
9,152261698,-1
9,152321157,1
9,153782571,-1
9,154704197,1
9,154704219,1
9,154704232,0
