10,1348949,0
10,2435652,0
10,2435669,0
10,3188707,0
10,3718282,-1
10,4989616,0
10,6075042,0
10,7471486,0
10,8766165,0
10,14734099,0
10,60412525,0
10,60412527,0
10,60412606,0
10,60412611,0
10,77283211,0
10,83682031,0
10,93648020,1
10,101885618,1
10,105637448,0
10,109915422,0
10,115144024,0
10,115714527,-1
10,115714528,-1
10,117942610,0
10,117942611,0
10,123135668,1
10,123135674,1
10,136903814,0
10,137698702,0
10,137698703,0
10,137858557,0
10,138628855,0
10,140147354,-1
10,140147355,-1
10,140152904,-1
10,140162414,-1
10,140162418,-1
10,141250464,-1
10,142600861,-1
10,142600864,-1
10,143487658,0
10,143535707,-1
10,143536088,-1
10,144050854,1
10,144779256,-1
10,144805344,0
10,145385115,1
10,145554730,1
10,146004713,1
10,146004716,1
10,146447052,-3
10,146495547,1
10,146821039,1
10,146821040,-1
10,147547544,-1
10,147547546,-1
10,147547554,-1
10,147858214,-1
10,147941721,1
10,147948896,-5
10,147972779,-1
10,148073257,-1
10,148075582,1
10,148250033,-1
10,148254406,0
10,148311782,1
10,148429899,-1
10,148467934,2
1,3639581,0
1,3735630,1
1,6211608,0
1,7385455,0
1,9701347,-1
1,17679225,0
1,19099573,0
1,19099576,0
1,21687795,0
1,28862469,1
1,36350758,-2
1,47998974,0
1,51892765,0
1,52624315,0
1,54123767,0
1,54123768,0
1,55504742,0
1,55504750,0
1,55504752,0
1,57251210,0
1,61141344,0
1,62921625,0
1,75966916,0
1,80929540,-1
1,80931928,-1
1,80931938,-1
1,80932352,-1
1,80962179,-1
1,82199474,1
1,82922153,-1
1,82922163,-1
1,82922237,-1
1,84357194,1
1,84427478,4
1,86001597,0
1,86001599,0
1,87306024,-1
1,87571745,1
1,87572571,-1
1,90224501,1
1,90230584,2
1,90332727,3
1,91197799,-1
1,92268069,1
1,93916790,0
1,93916792,0
1,93916794,0
1,96318686,0
1,120201590,0
1,124634118,0
1,157194084,1
1,161472076,1
1,161472083,1
1,164104036,1
1,166077237,1
1,166818465,1
1,166818467,1
1,166818471,1
1,166818478,1
1,166943799,0
1,170554260,-2
1,170597168,-2
1,173866648,-1
1,175322425,-1
1,175322427,-1
1,175322433,-1
1,179747622,-1
1,179896874,-1
1,179913017,1
1,180017540,1
1,181669013,1
1,182196548,-1
1,182196552,-1
1,182196553,-1
1,182316443,-1
1,182649640,-2
1,182649644,-2
1,182652070,1
1,183835561,0
1,184645446,-1
1,184645490,1
1,187125482,-2
1,187125486,-2
1,187671754,-1
1,188066530,-4
1,188066533,-4
1,188067125,2
1,190347771,-1
1,190580317,-1
1,190729350,0
1,190729354,-3
1,191885655,1
1,191889281,-1
1,192065703,-2
1,192065705,-2
1,192066266,2
1,193623630,-1
1,195911436,1
1,196246663,-2
1,198507219,2
1,198507227,2
1,198575750,1
1,199904942,1
1,200444214,-1
1,200761547,-2
1,200761552,-2
1,200761744,2
1,201669202,1
1,201882466,1
1,202017489,-1
1,202203761,-1
1,202203768,-1
1,202336578,-2
1,202341605,-1
1,202802640,1
1,203757782,-3
1,203757787,-3
1,203757788,-3
1,204802502,1
1,206429525,0
1,207434439,2
1,208040362,-1
1,208144963,-1
1,208144964,-1
1,208145306,-1
1,208145311,-1
1,208481175,0
1,209837144,-1
1,211247008,0
1,211306624,0
1,211585013,0
1,220558514,-1
1,223626574,0
1,223626577,0
1,224102991,0
1,242767432,0
1,246090119,-1
1,246090120,-1
1,246090129,-1
1,246090725,0
1,246090731,0
1,246277634,1
1,246278020,-1
1,246538950,-1
1,247678040,1
1,253340509,2
1,253775855,2
1,256856864,-1
1,258031789,1
1,258413473,1
1,258863637,2
1,258863639,2
1,258935475,-1
1,259466751,-3
1,261468618,0
1,261468634,-1
1,262567734,-1
1,262875356,-1
1,264388015,-1
1,265657092,1
1,265657093,1
1,268218743,-2
1,268375802,1
1,268375807,1
1,269021523,1
1,269089644,-1
1,272638848,-1
1,274477527,1
1,274477531,1
1,274777003,1
1,275757546,2
1,276749975,-1
1,278089602,-1
1,280818896,-1
1,281700916,0
1,281701136,1
1,281701142,1
1,281729528,-1
1,281894779,0
1,282860985,1
1,282860991,1
1,282939245,2
1,283321940,1
1,283322651,1
1,285599201,0
1,287342603,1
1,287361052,1
1,288053568,-2
1,288767423,-1
1,288832909,-1
1,288832984,-1
1,288872767,0
1,290216958,1
1,290217597,1
1,290891939,1
1,290893105,-1
1,292163420,1
1,292741731,1
1,292741742,1
1,292873677,1
1,294075469,1
1,294808956,-3
1,295269472,-1
1,295386928,-1
1,295430587,0
2,845539,-1
2,1311870,1
2,1312307,-1
2,1632654,1
2,1632655,1
2,2116258,0
2,2482609,1
2,2686664,2
2,2686667,2
2,4353159,-1
2,4353248,-1
2,4670526,1
2,5379981,-1
2,5569439,1
2,6172743,1
2,6172747,1
2,6598216,-1
2,6628902,1
2,6722403,-3
2,6723317,5
2,7184453,1
2,7210228,-1
2,7428108,2
2,7428114,2
2,7429256,2
2,7429261,2
2,7669773,1
2,8816252,-1
2,8816255,-1
2,9017886,0
2,10344045,0
2,10523969,-2
2,12203458,-2
2,12204686,-1
2,12264743,-1
2,12264746,-1
2,12265465,-1
2,12265578,-1
2,15035168,1
2,15035171,1
2,15035177,1
2,15035178,1
2,15035180,1
2,15144300,-1
2,15144301,-1
2,15144302,-1
2,15255129,1
2,15493481,-1
2,18208266,1
2,19041953,-1
2,19042004,-1
2,19337240,-1
2,22221351,0
2,22415210,0
2,22415213,0
2,23380608,2
2,23571930,1
2,23619181,-1
2,23761149,1
2,24461332,1
2,29271950,-3
2,29276229,-1
2,29292093,-2
2,31027893,1
2,33969965,1
2,34135812,-1
2,34135817,-1
2,37540321,1
2,37540328,1
2,37565591,1
2,38201904,1
2,38970375,-1
2,40524815,1
2,40524820,1
2,41652716,-2
2,43833097,1
2,43833573,-1
2,44830102,1
2,44830107,1
2,44830563,-2
2,44830736,-2
2,44830741,-2
2,44830748,-2
2,45347917,-1
2,48777607,-1
2,49059875,2
2,49290966,-1
2,50604815,-1
2,51273333,-1
2,51273537,-1
2,52379925,1
2,52379936,1
2,52383449,2
2,54309002,-2
2,57437404,-3
2,58281102,0
2,61137465,2
2,61137549,2
2,61505799,-1
2,62921377,-1
2,65560798,0
2,69213618,0
2,72585004,-1
2,76281333,-4
2,83272122,-1
2,110718677,1
2,112210543,0
2,140150687,1
2,140150690,1
2,140151625,-1
2,144706512,-1
2,146683978,0
2,149197167,-1
2,153731598,0
2,175208393,0
2,177371846,0
2,178546672,1
2,178546832,1
2,178546966,1
2,178547612,-1
2,180088077,-2
2,180401021,1
2,180456312,-1
2,180456318,-1
2,181175769,-1
2,181823332,1
2,182328977,-1
2,185295067,-1
2,185666642,-1
2,186019783,2
2,186019792,2
2,186416960,-1
2,186416962,-1
2,186416964,-1
2,187466802,1
2,187540604,-1
2,187701034,-1
2,187772806,-1
2,188526412,-1
2,188526732,-1
2,189054927,1
2,189054941,1
2,189054943,1
2,190150192,4
2,191478913,1
2,191478917,1
2,191798319,1
2,192877161,-2
2,193067720,1
2,194153245,1
2,194156420,1
2,194156424,1
2,194156429,1
2,194156440,1
2,194269459,3
2,194269464,3
2,194808589,2
2,196078229,-1
2,198251359,1
2,198673475,3
2,199055155,0
2,199552834,1
2,200203256,-1
2,204260737,0
2,208277372,-1
2,208299718,2
2,208299723,2
2,209546347,1
2,210143226,-1
2,210143603,1
2,212178029,0
2,212387370,1
2,213149710,1
2,213149711,1
2,215243417,1
2,215330352,-1
2,215589317,1
2,216779896,1
2,216860609,1
2,216992960,-1
2,217281981,1
2,219128860,1
2,219255936,1
2,219255944,1
2,219255948,1
2,229801440,0
2,229801443,0
2,233641551,0
2,234876396,-1
2,234934638,-1
2,234935302,0
2,235071113,2
2,235104233,-1
3,1678456,1
3,1964039,-1
3,2062009,0
3,2957227,-1
3,3477280,1
3,3477283,1
3,3477289,1
3,3477290,1
3,3477292,1
3,3478417,-1
3,3504592,1
3,3551009,-1
3,3551010,-1
3,3821086,0
3,3914152,1
3,4655315,-1
3,4655726,1
3,5333178,1
3,5824536,1
3,5995642,-1
3,6741120,0
3,6741121,0
3,10096198,1
3,10096201,1
3,10517520,1
3,10518381,1
3,11538235,-1
3,11541196,1
3,16477391,1
3,18034281,0
3,19006165,0
3,19974590,0
3,23176866,0
3,26024872,2
3,26261305,2
3,28919234,-1
3,29475800,-2
3,39477839,0
3,44222284,0
3,60573266,0
3,111578866,0
3,123804270,0
3,133199100,0
3,133199103,0
3,137608153,1
3,137608602,-1
3,137742053,-1
3,138122767,2
3,138767663,0
3,138767665,0
3,141598903,-3
3,141646766,-1
3,141646780,-1
3,143831006,0
3,151860014,-1
3,153896781,1
3,153897322,1
3,154451394,-1
3,154451398,-1
3,154634918,0
3,155359078,2
3,155359487,-1
3,155499156,1
3,155499774,1
3,155777616,1
3,155777755,1
3,156095004,0
3,156095142,1
3,161608816,0
3,164036571,-1
3,164433784,1
3,164433788,1
3,165015149,1
3,166836665,1
3,166839755,1
3,166842833,-1
3,166842835,-1
3,169088282,2
3,170154998,-2
3,170266357,1
3,170266361,1
3,175226681,-2
3,175592340,-1
3,175631828,1
3,176011097,0
3,176377279,-1
3,176377644,-1
3,176377653,-1
3,176411135,-1
3,191901518,0
3,204169709,1
3,205890955,0
3,205890956,0
3,205893526,1
3,206678487,1
3,206679060,1
3,206679505,1
3,206679512,1
3,206679528,1
3,206754010,1
3,206834977,1
3,206927251,1
3,207014802,1
3,207022755,1
3,207031559,1
3,207031742,1
3,207031749,1
3,207031829,1
3,207031918,1
3,207031919,1
3,208617325,1
3,208694317,2
3,208694323,2
3,208694324,5
3,215455149,1
3,215455157,1
3,216027731,1
3,216965806,1
3,217545050,1
3,217745611,1
3,217750632,1
3,217977415,1
3,219913279,1
3,219913385,1
3,220852363,1
3,221774361,3
3,222637333,-3
3,222678802,1
3,222678811,1
3,222678813,1
3,223768801,1
3,223768804,1
3,224047975,1
3,224047977,1
3,224048557,1
3,224081727,3
3,224358483,-1
3,225008441,1
3,225008456,1
3,226564893,2
3,226911259,-1
3,227484353,-1
3,227912498,0
3,230612173,3
3,230613450,4
4,30715,-1
4,609689,-1
4,609708,-1
4,1252918,1
4,1874971,-1
4,1875210,1
4,2485667,-1
4,2485720,0
4,2697817,-1
4,3593398,-1
4,3599662,1
4,3622917,1
4,3749906,-1
4,3749910,-1
4,3750976,-1
4,3750977,-1
4,3751112,-1
4,3893413,-1
4,4058217,-1
4,4060809,1
4,4060822,1
4,4061180,-1
4,4061182,-1
4,4217975,2
4,4275231,-1
4,5271508,-1
4,6020750,-1
4,12989295,-1
4,13177257,-2
4,13177259,-2
4,13833332,-1
4,14655187,-1
4,15713021,1
4,16234775,1
4,16523177,0
4,16523237,-1
4,16523239,-1
4,16626077,2
4,17257898,-1
4,17523455,3
4,17744395,-2
4,17744398,-2
4,18393728,1
4,19134291,1
4,23933345,1
4,23933360,1
4,26008277,1
4,28102370,0
4,62888888,0
4,71087356,0
4,120666459,-1
4,122702961,-1
4,122702970,-1
4,136069780,1
4,136990430,1
4,143106562,1
4,143106566,1
4,144754687,2
4,144754692,2
4,144754693,1
4,145350602,-1
4,145642142,1
4,147815683,1
4,147815684,1
4,147815690,1
4,147815693,1
4,147815930,1
4,150839434,-1
4,151562007,1
4,152190156,-1
4,152657202,1
4,156545056,-1
4,156847414,-1
4,156899930,-1
4,156900342,-1
4,156998034,-1
4,157509914,-1
4,158095911,-1
4,158099173,-1
4,158733336,-1
4,160023088,-3
4,161063523,-1
4,161063527,-1
4,163885664,1
4,163929500,-1
4,163929501,-1
4,164117937,-1
4,164294208,1
4,164294215,1
4,165653246,1
4,166900047,1
4,166900048,1
4,166900099,-1
4,166900101,-1
4,166900104,-1
4,166900348,1
4,166996012,1
4,169259022,2
4,169832999,2
4,170838485,0
4,171668320,-1
4,171701251,1
4,171760530,-1
4,172783021,-1
4,173627601,1
4,173627602,1
4,174041344,-1
4,174070179,2
4,177153445,-2
4,177153446,-2
4,177153449,-2
4,177153458,-2
4,177358219,-1
4,177358224,-1
4,177672408,2
4,178500422,-2
4,178703181,-1
4,178703197,-1
4,178705062,-1
4,178705066,-1
4,178766696,-1
4,182904774,1
4,182909053,0
4,182909057,0
4,183206692,0
4,184633296,0
4,186549427,-1
4,186769379,-1
4,186833705,-4
4,187604221,1
4,188378678,3
4,190184989,2
4,192128574,-2
4,192128585,-2
4,192382729,-1
4,194780598,0
4,194780601,0
4,195716313,1
4,195716315,1
4,197082057,-1
4,197162422,-1
4,197162424,-1
4,197260861,1
4,197260867,1
4,197260869,1
4,197330613,1
4,197853187,-1
4,198946868,1
4,198987489,-1
4,200210233,1
4,200210234,1
4,201142104,-1
4,201300633,-2
4,201300644,-2
4,201301765,0
4,201301767,0
4,201301774,0
4,201911846,1
4,202114662,-1
4,203991884,-1
4,203991885,-1
4,203991888,-1
4,207045058,-1
4,207045156,-1
4,207347452,-1
4,208587519,-1
4,212013764,0
4,215923274,0
4,216852257,-2
4,216852262,2
4,217345063,-1
4,224061342,-1
4,224061350,-1
4,225264545,-2
4,226546735,-1
4,226881855,-1
4,226900566,-1
4,227329846,-1
4,227648793,1
4,227648795,1
4,227648954,-1
4,229854365,-1
4,230506259,-1
4,230723272,1
4,233759643,-1
4,233759647,-1
4,235997349,0
4,235997355,0
4,237112081,0
4,238824361,0
4,240187834,0
4,241078488,0
5,3038993,0
5,4160536,0
5,8624153,0
5,8624518,1
5,10184364,1
5,10184468,-1
5,14090356,0
5,18604624,0
5,30858508,0
5,47608345,0
5,69354311,0
5,152783139,0
5,157831096,1
5,159271717,0
5,159371002,0
5,169875471,0
5,170111893,0
5,170111897,0
5,170111900,0
5,172661756,0
5,175034107,0
5,175662938,0
5,178989538,-1
5,178989743,-1
5,179632843,-2
5,180599587,0
5,180952459,3
5,181639146,3
5,182136455,1
5,182136465,1
5,183567180,-1
5,184543220,0
5,186556600,-2
5,186556606,-2
5,188970265,1
5,188970490,1
5,188978307,-1
5,189018715,1
5,189018718,1
5,189018768,1
5,190966967,1
5,191523819,2
5,191523822,2
5,191523825,2
5,191829841,1
5,192457687,1
5,194222776,-3
5,194305210,-2
5,194306453,-2
5,195595074,-1
5,195595545,-1
5,196155967,-1
5,196155973,-1
5,196302550,-1
5,196302552,-1
5,196562462,-1
5,196562464,-1
5,198009052,-1
5,199257620,1
5,199258173,-2
5,199423502,1
5,199819965,-1
5,201682803,1
5,202115354,1
5,202141361,3
5,202141365,3
5,202151665,1
5,203670838,-3
5,203670854,0
5,204283046,-1
5,204376492,-1
5,204659737,-1
5,204689996,0
5,204690002,1
5,204810045,-1
5,204961275,1
5,205207764,2
5,205445837,-1
5,205445838,-1
5,205982804,1
5,205982810,1
5,206000774,1
5,206000808,-1
5,206081271,-1
5,206361830,1
5,207186863,0
5,208123353,0
5,211349606,-2
5,211349612,-2
5,211756977,-2
5,212024992,-2
5,212252981,2
5,213611422,-1
5,214179578,-2
5,214579171,4
5,214579173,4
5,215126351,0
5,215311321,-1
5,216213634,0
6,475056,-1
6,475607,1
6,770097,-1
6,770108,-1
6,793253,-1
6,1337792,-4
6,1337802,-4
6,2592975,-1
6,3681281,-1
6,3875217,-1
6,3875218,-1
6,4310179,0
6,31540854,0
6,35062203,0
6,36134307,0
6,54373052,-2
6,83944808,0
6,84488344,0
6,84835390,0
6,87858737,0
6,87858740,0
6,91804966,0
6,96842612,1
6,98786948,0
6,102712159,0
6,103486929,0
6,106908011,0
6,111412991,0
6,132175493,0
6,133009567,0
6,133009570,0
6,133698670,0
6,133698672,0
6,136060750,0
6,140736526,1
6,141702414,0
6,141702418,0
6,143492865,0
6,148710512,-1
6,149022145,-2
6,149022158,-2
6,149022161,-2
6,149398022,-1
6,149761262,-1
6,149762749,1
6,150885401,-1
6,151775098,1
6,152266374,1
6,155841236,0
6,155933264,0
6,156175638,0
6,156745206,0
6,156745208,0
6,157684535,0
6,159666900,1
6,160019720,2
6,161429582,1
6,161479514,-2
6,161851758,1
6,161851764,1
6,163214151,0
6,164758198,0
6,165002284,0
6,165002287,0
6,166371491,0
7,1144362,-1
7,1975219,0
7,2917820,1
7,2917823,1
7,16109626,-1
7,17155525,1
7,17155828,0
7,17155833,1
7,17192163,0
7,18439618,2
7,19064563,-5
7,19064576,-5
7,21145972,0
7,22015518,0
7,22015524,0
7,61536312,-1
7,97911210,-1
7,99327652,-1
7,100267914,0
7,100268502,0
7,100268504,0
7,100268507,0
7,100292894,1
7,100293259,-1
7,100551971,1
7,100551996,1
7,103308482,-1
7,103333912,-1
7,118341231,0
7,123716623,3
7,123716624,3
7,123716627,3
7,124182013,1
7,125355871,-1
7,125722811,1
7,125875208,1
7,126557298,-1
7,127014501,-1
7,129995339,0
7,129995415,-2
7,131118139,1
7,132549005,1
7,132665091,1
7,134072347,1
7,134072348,1
7,134116286,2
7,135874300,1
7,135874307,1
7,135874567,1
7,136065067,-1
7,137312376,-1
7,142849822,-2
7,144133556,0
7,144133557,1
7,144438936,-1
7,144571175,1
7,144571181,1
7,145632890,-1
7,145632971,-1
7,145754376,-1
7,146279901,1
7,146626666,1
7,146626676,1
7,147131641,1
7,147461320,-1
7,147461327,-1
7,149600972,-1
7,153256653,-1
7,155077201,1
7,161724294,-1
7,161735133,-1
7,162352771,1
7,162354355,1
7,162354357,1
7,162354360,1
7,162354363,1
7,165414283,-1
7,166884972,0
7,167674840,-1
7,167674871,0
7,168020015,-1
7,168330970,0
7,168786204,0
7,169217869,-1
7,169866531,0
7,169866545,0
7,169866547,0
7,170427614,1
7,172922258,1
7,172922267,1
7,173016538,-1
7,173016539,-1
7,173788250,-2
7,173788251,-2
7,174193003,2
7,174619613,3
8,6855665,-2
8,6920576,-1
8,6920581,-1
8,7673969,-1
8,10863575,1
8,10863576,1
8,12850115,-1
8,13139762,-1
8,13140340,1
8,13140343,1
8,13140349,-1
8,13140378,-1
8,13140379,-1
8,13140433,0
8,13140440,0
8,13291871,1
8,14845581,1
8,14845582,1
8,14845583,1
8,16355450,-1
8,16759270,-2
8,17423149,-1
8,17423157,-1
8,17423158,-1
8,18613024,-4
8,18613030,0
8,18613033,0
8,19839471,-1
8,19839473,-1
8,20087112,2
8,20520573,0
8,20675194,-3
8,21851984,-1
8,21879482,-1
8,22686901,-1
8,23958187,-2
8,24726015,1
8,24726021,1
8,25014948,2
8,25881382,1
8,26875209,-1
8,26875210,-1
8,27671846,1
8,29736930,-2
8,33078606,0
8,33079370,1
8,33079371,1
8,33079372,1
8,35567182,1
8,35649435,-1
8,41090779,-1
8,61305414,-2
8,62181045,-1
8,62181049,-1
8,62181053,-2
8,62660420,-1
8,62660422,-1
8,64222956,-1
8,67488470,1
8,67907748,-1
8,69660057,5
8,69660069,5
8,69971629,-2
8,70575005,-1
8,71491531,1
8,71491537,1
8,73369440,-2
8,74421033,1
8,74508020,-1
8,74508029,-1
8,74932834,0
8,74934922,1
8,75552677,-1
8,76951623,1
8,77106863,1
8,80015293,-2
8,84305647,1
8,84305649,1
8,84305665,1
8,100266814,1
8,100688239,3
8,101619008,-1
8,101619015,-1
8,104140532,1
8,106155099,0
8,106379523,-2
8,109558524,-1
8,110003868,-1
8,110719885,-2
8,110719888,-2
8,112295480,1
8,115165308,1
8,116677757,-1
8,117632594,0
8,117715310,1
8,118578101,-1
8,121198312,-1
8,122282477,0
8,122282480,0
8,122282483,0
8,123144294,1
8,123144386,1
8,123968438,1
8,123968739,-1
8,123968826,1
8,123968832,1
8,124117682,2
8,124176497,1
8,128135832,-1
8,130869598,-1
8,131580090,-2
8,132059441,-2
8,132705060,1
8,133099127,-1
8,133481104,-1
8,135582470,0
8,138180388,1
8,138183001,1
8,138183002,2
8,138396156,2
8,138396679,4
8,138446036,1
8,138880057,2
8,139247326,-1
8,139716975,-1
8,139717036,-1
8,139717046,-1
8,141538870,-1
8,142011079,1
8,142011080,1
8,142011724,1
8,142011727,-1
8,142011740,0
8,143993898,0
8,143993907,2
8,144390234,1
8,144726087,1
8,144726606,-1
8,144889219,1
8,145410995,-3
8,148837568,2
8,148837573,2
8,148837876,2
8,148839873,2
8,150444161,1
8,150628303,0
8,150729436,-1
8,151581576,-1
8,151860843,-1
8,152498200,-1
8,152498475,-1
8,152498476,-1
8,152511446,1
8,153396123,-1
8,153396124,-1
8,153401357,-1
8,153401812,-1
8,154781924,0
8,155592119,1
8,155658350,1
8,156167485,1
8,157286974,1
8,158638282,-1
8,158638285,-1
8,159246223,1
8,159531899,0
8,159781785,-1
8,159781855,-1
8,160468720,-2
8,161072837,-1
8,161093462,-2
8,161732528,-1
8,162336064,-2
8,163023945,1
8,163456955,1
8,163995794,1
8,164361399,-1
8,164361400,-1
8,164406274,-3
8,164416871,-1
8,164900059,-3
8,165526508,-3
8,165526512,-3
8,166297193,-1
8,166297198,-1
8,166297199,-1
8,166836335,-1
8,167153406,-1
8,168043268,-1
8,168043274,-1
8,168485848,-1
8,168503935,-1
8,168672877,-1
8,168805360,-1
8,168982956,-1
8,169071677,-2
8,169084467,-2
8,169333479,-1
8,169688048,-1
8,169774999,-1
8,171170503,0
8,171330430,0
8,173118595,-1
8,173118599,-1
8,173353880,1
8,173710159,1
8,173710164,1
9,2472913,1
9,2472920,1
9,3011112,0
9,3311227,0
9,4284928,0
9,7650544,-1
9,7650550,-1
9,7870723,1
9,8137556,2
9,8174669,-1
9,8949581,1
9,8949582,1
9,11437427,-1
9,11785025,-1
9,13772228,0
9,14120310,0
9,14120313,0
9,15915172,0
9,16733193,-1
9,17318935,0
9,20121986,-1
9,20123391,-1
9,20836719,-1
9,21977367,-1
9,21977376,-1
9,21977378,-1
9,22339110,1
9,22339111,1
9,25097645,1
9,25278059,-1
9,26563049,1
9,27191000,-1
9,27235929,1
9,29168554,-1
9,29168556,-1
9,35729943,-1
9,42767406,-1
9,43535686,-1
9,43536038,-1
9,76302931,1
9,76302932,1
9,78552944,-1
9,85231120,1
9,85878487,1
9,89992880,1
9,95903249,-1
9,97781947,1
9,98261283,-2
9,98989007,-1
9,100300493,1
9,101995430,1
9,102400161,0
9,103948871,-1
9,104082664,-1
9,104083769,1
9,106202689,-1
9,106525528,-1
9,108369905,-1
9,108448533,-2
9,108448545,-2
9,109625512,1
9,109627939,-1
9,109627943,-1
9,110514811,-1
9,110877513,1
9,113078590,1
9,115981369,1
9,115981695,1
9,116379649,-1
9,116467858,-1
9,116468840,-1
9,125167289,-2
9,130354800,0
9,130354801,0
9,130354804,0
9,130354805,0
9,133067279,-1
9,133067282,-1
9,133067285,-1
9,133067495,1
9,133838687,0
9,133838949,-1
9,133838951,-1
9,134152636,-2
9,138558509,0
9,138961658,1
9,139767493,-2
9,139767498,-2
9,141628617,1
9,141628655,-1
9,142308428,-1
9,143192373,1
9,143206084,1
9,144119737,2
9,144119746,2
9,146341928,1
9,146341933,0
9,147727984,-1
9,151748804,4
9,152252923,2
9,154724103,0
