10,1321045,0
10,2405725,0
10,4779601,0
10,4824094,0
10,5126468,-1
10,5126795,-1
10,5765163,0
10,9229046,0
10,15922047,0
10,21829018,0
10,25619095,-1
10,64497121,0
10,64497123,0
10,66651729,0
10,76600818,0
10,78161333,0
10,82249190,0
10,83682032,0
10,91100806,0
10,91970492,0
10,93411068,-1
10,94714237,-1
10,100044825,0
10,104386603,2
10,105637448,0
10,108435397,0
10,108435398,0
10,111637045,0
10,112378959,0
10,112378961,0
10,117919287,0
10,125216173,0
10,126921189,0
10,128033973,0
10,132344433,0
10,133612190,0
10,137485972,0
10,137485978,0
10,137526652,0
10,137526653,0
10,138526133,-1
10,139109249,0
10,139472616,2
10,140147727,-1
10,140147729,-1
10,141048037,-2
10,141048039,-2
10,141250459,-1
10,141830219,1
10,141862064,-2
10,141893017,0
10,142223685,-1
10,142384292,-1
10,142385968,1
10,142596464,1
10,144615500,-1
10,144627226,1
10,144631944,1
10,144894136,1
10,144894139,1
10,145554728,1
10,145554738,1
10,146014997,-1
10,146078895,-1
10,146082203,-1
10,146495548,1
10,146495849,-1
10,146557195,1
10,146576569,-1
10,146578146,-1
10,146578149,-1
10,146636195,-2
10,146679503,2
10,146839894,-1
10,146902225,1
10,146902227,1
10,147291204,1
10,147547643,-1
10,147547646,-1
10,147547649,-1
10,147702298,-2
10,147845283,1
10,147860735,-1
10,147948768,5
10,147948896,-4
10,148075861,-1
10,148265909,1
10,148266175,-1
10,148266385,1
10,148285178,-1
10,148285180,-1
10,148315585,-1
10,148315586,-1
10,148411068,1
10,148530488,1
10,148531391,1
10,148531393,1
10,148531515,1
10,148761506,1
10,148762206,1
10,149187128,1
1,3558041,0
1,6194566,0
1,6211600,0
1,6844150,0
1,7991746,0
1,8108448,0
1,8454893,0
1,8618614,0
1,10970231,0
1,10970368,0
1,15067975,0
1,16046430,0
1,16046433,0
1,16046703,0
1,18984849,-1
1,18984855,0
1,20094697,0
1,20094698,0
1,20094702,1
1,22259046,0
1,25634575,0
1,29032302,-1
1,29036692,1
1,31255513,-1
1,31540045,1
1,31769161,1
1,31769608,0
1,31769689,-1
1,31769693,-1
1,31769702,-1
1,32233122,1
1,32233133,1
1,32585006,-2
1,33127951,-1
1,33221329,-2
1,33420398,1
1,34900705,1
1,34946144,-2
1,35893171,1
1,35893172,1
1,35893266,1
1,35893278,1
1,35893281,1
1,36225757,-1
1,37137517,0
1,37137943,0
1,39252796,-2
1,39252953,-1
1,42126205,0
1,44166828,0
1,54123776,0
1,56308914,0
1,61033723,1
1,63539514,0
1,64022059,0
1,64022067,0
1,66678638,0
1,66678639,0
1,69708344,0
1,75966906,0
1,76554898,0
1,79076821,0
1,79076822,0
1,81930226,0
1,81930227,0
1,81930233,0
1,81930235,0
1,82199181,1
1,82199188,1
1,82199473,1
1,82398769,-1
1,82591567,2
1,82922632,-1
1,83654266,1
1,83654268,1
1,83799950,-1
1,84308307,2
1,86595534,0
1,86595537,0
1,87632548,-4
1,87775359,0
1,88023171,0
1,88023172,0
1,89245897,-1
1,89245905,-1
1,90230578,2
1,92268067,1
1,93916791,0
1,93916795,0
1,96318681,0
1,119558389,2
1,120201598,0
1,150907826,1
1,160874500,1
1,161322717,-1
1,161723905,-1
1,161723912,-1
1,162176102,-2
1,162442904,1
1,166818469,1
1,166818954,1
1,170323373,-1
1,170323780,-1
1,170323785,-1
1,170554737,-4
1,172899030,-1
1,172899412,-1
1,172956499,-2
1,173256545,-1
1,173257665,-1
1,174011804,-2
1,174011809,-2
1,174011818,-2
1,174026431,-2
1,174313567,-1
1,174313570,-1
1,174313843,-1
1,174314066,-1
1,175193067,-3
1,175323649,-1
1,176076148,-1
1,176786090,-1
1,176869982,-1
1,176869986,-1
1,177641025,-1
1,177654061,-1
1,177654062,-1
1,178504138,-4
1,178504146,4
1,178504228,-3
1,178798316,1
1,179398572,1
1,179398577,1
1,179673382,2
1,179673385,2
1,179749834,-1
1,179749854,-1
1,179750061,1
1,179750065,1
1,179896704,-1
1,180017542,0
1,180634804,1
1,180652140,-2
1,180652141,-2
1,180652178,2
1,180652379,-2
1,180652659,2
1,180721392,1
1,180723687,-1
1,180744147,-1
1,181669014,1
1,182320107,1
1,182320112,1
1,182566001,5
1,182566147,5
1,182569720,1
1,182570000,-1
1,182570002,-1
1,182570008,-1
1,182649642,-2
1,182654110,1
1,182879282,1
1,182879868,1
1,182880033,1
1,187125484,-2
1,187671753,-1
1,188065913,-3
1,188099863,1
1,188218907,-3
1,188218914,-3
1,188494356,-1
1,188940072,-3
1,189223651,1
1,189223659,1
1,189390734,0
1,190580323,-1
1,190729353,0
1,190777765,2
1,190793432,5
1,191613347,1
1,191653056,1
1,191653058,0
1,191653150,-1
1,191894223,2
1,192441746,1
1,192441750,1
1,192441753,1
1,192510741,1
1,192966260,2
1,193489113,1
1,194606229,-1
1,195219095,2
1,195365768,-1
1,195365769,-1
1,195365773,-1
1,195755248,3
1,195755465,3
1,196085679,-2
1,196227088,-1
1,196228055,-1
1,196233892,1
1,196404956,-2
1,196728095,1
1,197294363,0
1,197294364,0
1,197782552,-1
1,198688758,-2
1,198688782,2
1,198688784,2
1,198772681,-1
1,198776167,-1
1,199675095,-1
1,199675317,-1
1,199936950,-1
1,200037039,-4
1,200109850,1
1,200195665,-1
1,200195669,-1
1,200448623,-1
1,200448626,-1
1,200534709,1
1,200535413,1
1,200759590,1
1,201519887,1
1,201519891,1
1,201674247,-1
1,202662123,0
1,202802867,-1
1,202802868,-1
1,203756217,0
1,203864166,1
1,203865025,1
1,204104739,1
1,204332284,0
1,205237453,1
1,205237458,1
1,205238714,-1
1,205619140,-1
1,206163224,-6
1,206429078,-1
1,206476066,1
1,206505006,2
1,206508405,0
1,206600474,1
1,207177800,0
1,208478981,-4
1,209628768,-1
1,209628838,0
1,210035553,-1
1,210036128,-1
1,210531697,1
1,210531756,1
1,210531769,1
1,210531909,1
1,210964697,0
1,211570453,-4
1,214776166,0
1,217326250,0
1,218823955,-1
1,220425235,-1
1,220838262,-2
1,221290967,-1
1,221996339,-1
1,221996348,-1
1,222352814,-1
1,224102988,0
1,224102989,0
1,230873296,0
1,235026335,0
1,238524811,0
1,240527127,0
1,245928426,-1
1,246090727,0
1,246090730,0
1,246264078,1
1,246264081,1
1,246277493,-1
1,246538951,-1
1,246538965,-1
1,246539086,-1
1,246539094,-1
1,246539293,-1
1,247684482,-1
1,247684488,-1
1,247684493,-1
1,251163673,1
1,251209594,1
1,251223718,0
1,251223721,0
1,251223725,0
1,251224412,-1
1,253362804,2
1,253563148,1
1,253567682,0
1,253972899,1
1,255605118,-1
1,255804364,1
1,255895100,2
1,256856854,-1
1,257386224,-1
1,258581922,1
1,258866969,1
1,259581762,1
1,259581763,1
1,260203231,-1
1,260204189,-1
1,261631204,3
1,262353946,-2
1,262609436,-1
1,262680405,-1
1,262680408,-1
1,265657931,1
1,266981400,0
1,267020340,1
1,267057941,0
1,267057947,0
1,267213648,1
1,269353413,1
1,271380363,4
1,272508430,-1
1,272642491,1
1,272643221,1
1,272643224,1
1,272643230,1
1,273167187,0
1,273365844,1
1,273759354,-1
1,274477518,1
1,275161286,1
1,275209831,1
1,275757547,2
1,275933913,1
1,275934203,1
1,276050484,2
1,278232078,-3
1,279542346,2
1,279542347,2
1,279542349,2
1,280410846,-1
1,280637495,1
1,281133546,-1
1,281703340,0
1,281712807,3
1,281712808,3
1,281712861,3
1,281712914,3
1,282021017,2
1,282021019,2
1,282476546,-1
1,282476552,-1
1,282477394,1
1,282816939,0
1,282964367,1
1,283161284,3
1,283263172,-1
1,283672840,-1
1,283831190,1
1,283932160,1
1,283932162,1
1,283932168,1
1,285147933,-1
1,285165615,0
1,285165617,0
1,285210775,-1
1,285210776,-1
1,285381892,1
1,285381904,1
1,285387187,1
1,285599201,0
1,285604171,-1
1,285607911,-1
1,285607920,-1
1,285607928,-1
1,285885834,-5
1,285885837,-5
1,285886620,-5
1,285886627,-5
1,286052233,0
1,286245068,1
1,286245071,1
1,286245076,1
1,286245080,1
1,286253579,1
1,286923862,3
1,287218150,2
1,288542408,-1
1,288832990,-1
1,289181797,2
1,290546692,0
1,290594940,1
1,290879180,1
1,290879225,1
1,290891940,1
1,290893102,-1
1,290893109,-1
1,290929499,-1
1,291027456,2
1,291027466,2
1,291027467,2
1,291187410,0
1,291187411,0
1,291384022,0
1,292163418,1
1,292406387,1
1,292743996,1
1,292968930,2
1,293343554,1
1,293343555,1
1,293405954,1
1,293470493,1
1,293534195,1
1,293535068,-1
1,293535077,-1
1,293885487,-1
1,294010452,-1
1,294010455,-1
1,294075451,1
1,294075454,1
1,294075460,1
1,294075610,0
1,294177252,1
1,295341304,1
1,295430056,0
1,295517703,-1
1,295537131,-2
1,295804668,1
1,295849858,-2
1,299608080,1
2,757480,-1
2,845535,-1
2,1280663,1
2,1443734,0
2,1566244,1
2,1566247,1
2,1685248,2
2,1685251,2
2,2054045,2
2,2054053,2
2,2054056,2
2,2062569,0
2,2635081,1
2,2635288,1
2,2635571,1
2,2821635,1
2,3100184,1
2,4670695,-1
2,5726378,0
2,5842185,0
2,6004141,-1
2,6317258,1
2,6487053,-3
2,6973832,0
2,6980889,1
2,6981090,1
2,6991234,2
2,7184452,1
2,7210229,-1
2,7748048,1
2,8171286,1
2,8781763,0
2,8912563,-2
2,9417792,1
2,9439031,0
2,9439321,1
2,9439322,-1
2,9447407,0
2,9447410,0
2,9556800,-4
2,9556801,-4
2,9556802,-4
2,9986747,-1
2,10221126,-1
2,10344039,-2
2,10560738,-1
2,10560740,-1
2,11307882,-1
2,12360143,-2
2,12608157,-1
2,12810082,1
2,12810083,1
2,13022234,0
2,13321002,-1
2,13350228,-1
2,13459371,1
2,13477316,1
2,13477325,1
2,13477329,1
2,13719825,0
2,13832060,0
2,13832153,-1
2,14218206,-1
2,14479021,-1
2,14553451,-1
2,15920751,-1
2,15920753,-1
2,15920900,0
2,15920901,0
2,15920906,-1
2,16544313,-2
2,16544318,-2
2,16544512,-1
2,17093840,-1
2,17093842,-1
2,17496324,0
2,17719555,3
2,18759061,1
2,19337226,-1
2,19337234,-1
2,19337237,-1
2,19392744,1
2,19392884,1
2,19824371,-1
2,19944120,-1
2,20063508,-1
2,20720565,0
2,20726505,0
2,20744519,0
2,22417700,0
2,23201106,-2
2,23201112,-2
2,23508042,-1
2,23508043,-1
2,23571937,1
2,23590680,-1
2,23619174,-1
2,23622806,0
2,23622846,1
2,24461341,1
2,28389578,-1
2,28627721,-1
2,29273028,-1
2,29273030,-1
2,29292018,-2
2,29292079,-2
2,29303189,1
2,29331567,-1
2,29331576,-1
2,30171405,1
2,30505925,-1
2,30505926,-1
2,30505927,-1
2,30994782,-3
2,31847618,-2
2,31847626,-2
2,31847627,-2
2,31847628,-2
2,31847633,0
2,31847638,2
2,31847644,2
2,33661864,-1
2,33662188,1
2,33701645,1
2,35953677,-1
2,37246891,0
2,37540322,1
2,37747152,0
2,38204873,-1
2,38204877,-1
2,39657644,1
2,40062115,1
2,40062119,1
2,40062122,1
2,40063119,1
2,40063121,1
2,40375905,-1
2,40375908,-1
2,40375911,-1
2,40375975,1
2,40468082,1
2,40524809,1
2,40524818,1
2,40524826,1
2,40524829,1
2,41312692,-1
2,41875351,0
2,42400439,0
2,42400448,-1
2,42515179,3
2,42887677,-2
2,43052582,1
2,43052585,1
2,43052588,1
2,43587896,-1
2,44817793,3
2,44817798,3
2,44817802,3
2,44824760,1
2,44830104,1
2,44830574,-2
2,44889489,0
2,44966716,1
2,45101883,1
2,45348264,1
2,46495009,0
2,47380584,-1
2,47380594,-1
2,47743175,-1
2,50142170,0
2,50604815,-1
2,50604829,-2
2,51273233,1
2,51273241,1
2,51273921,-1
2,52067259,1
2,52380352,1
2,52383449,1
2,52442434,1
2,52442439,1
2,54309054,-2
2,54309056,-2
2,54309062,-2
2,54925502,-1
2,54925787,-1
2,54987484,-1
2,54988120,1
2,55393519,0
2,55393523,0
2,55393566,-1
2,55393569,-1
2,56112783,1
2,56185939,-1
2,56186298,-1
2,56186300,-1
2,56188476,1
2,56188478,1
2,56422191,1
2,56534005,1
2,56534012,1
2,56534219,1
2,57437397,0
2,57685974,-4
2,57755805,0
2,59642401,1
2,59642785,1
2,59668899,1
2,59912798,1
2,59912803,1
2,61137462,2
2,61505799,-2
2,61505933,3
2,63007336,-3
2,69808798,-1
2,81076711,3
2,81076765,-3
2,81076769,-3
2,81353061,1
2,83625204,1
2,83739920,1
2,83739924,1
2,83902841,2
2,102473827,-4
2,103679306,-1
2,103679323,-1
2,109562746,1
2,109562747,1
2,109562750,1
2,109562751,1
2,109563094,-1
2,110507600,-1
2,110716544,1
2,111055882,1
2,111947068,1
2,111947074,1
2,112023668,1
2,112550406,1
2,112603367,2
2,112603369,2
2,112603378,2
2,112603381,2
2,114408561,-1
2,115519890,1
2,115715455,-1
2,130778779,-1
2,136588570,1
2,138947113,-1
2,140150643,1
2,141602655,2
2,143893821,1
2,144018015,-3
2,144018033,-3
2,145435674,-8
2,145435675,-7
2,145435676,-8
2,145436154,9
2,146845183,-1
2,148346919,0
2,150781405,0
2,152370000,0
2,154144714,0
2,177753730,0
2,178728718,-1
2,178783484,-2
2,179032755,-1
2,179531246,1
2,179531248,1
2,179531252,1
2,180088076,-2
2,180401021,1
2,180815404,1
2,182197257,1
2,182329430,-1
2,182331840,1
2,182331854,1
2,182622343,1
2,182840248,-1
2,183376471,1
2,183376475,1
2,183376476,1
2,183849350,0
2,183849351,0
2,183946155,-1
2,183987564,-1
2,183987568,-1
2,183987578,-1
2,184268489,1
2,184268492,1
2,184402574,-1
2,184908211,1
2,184909747,1
2,185041165,-1
2,185041166,-1
2,185186523,-1
2,185616791,-1
2,185616795,-1
2,185617238,-1
2,185617289,-1
2,185617419,-1
2,186233555,2
2,186572073,-1
2,186777007,0
2,187437598,-1
2,187466806,1
2,187701393,-2
2,187701398,-2
2,187701409,2
2,188272481,1
2,188272483,1
2,188272486,1
2,188272552,1
2,189855652,0
2,189855662,-1
2,189855777,-1
2,189928206,3
2,190138649,1
2,190139286,1
2,190139295,1
2,191505345,0
2,193067712,1
2,193067790,-1
2,193435240,2
2,194156439,1
2,194272203,3
2,194493010,1
2,194532055,1
2,194768388,2
2,194768469,2
2,194768659,-2
2,195130300,1
2,195130301,1
2,195130304,1
2,195130356,-2
2,195135714,-1
2,195555304,2
2,195555305,2
2,195687343,1
2,195687747,1
2,195687748,1
2,195706263,-2
2,196078239,-1
2,196078759,-1
2,196301012,-1
2,196944302,1
2,196944315,1
2,196944471,1
2,198109500,1
2,198109506,1
2,198109511,1
2,198182710,3
2,198772428,1
2,198772429,1
2,198772435,1
2,199551907,1
2,199552158,1
2,199552170,1
2,200105283,-3
2,200203255,-1
2,200205278,-1
2,200243351,1
2,201062307,-1
2,207890695,-1
2,208049644,-1
2,209319332,0
2,209663692,1
2,209663699,1
2,209776507,2
2,209784087,1
2,210143217,-1
2,211409978,-1
2,213151178,1
2,213151190,1
2,213151202,1
2,213197220,-1
2,213197351,-1
2,213205614,2
2,213205618,2
2,213409471,1
2,213409473,1
2,213409474,1
2,213409534,1
2,213409537,1
2,213519339,-1
2,213519341,-1
2,213663336,-1
2,215330354,-1
2,215330357,-1
2,215330366,-1
2,215330618,1
2,215334709,1
2,215334725,1
2,215687292,-2
2,216187139,0
2,216326588,-1
2,216326595,-1
2,216615799,0
2,216615800,0
2,216615940,1
2,216708746,1
2,217085948,3
2,217276830,-2
2,217281978,1
2,217425368,-1
2,217425373,-1
2,217553295,-2
2,218001737,0
2,219030162,-1
2,219030165,-1
2,219030171,-1
2,219201520,-1
2,219201531,0
2,219512344,1
2,221504136,2
2,231559555,0
2,232667529,0
2,234303034,-1
2,234345842,1
2,234861756,-1
2,234876393,-1
2,234934671,1
2,234935945,0
2,235078601,2
2,235084537,-2
2,235470512,0
2,236678165,0
3,1678441,1
3,1678549,1
3,1691096,1
3,1964003,1
3,1976357,5
3,2108318,0
3,2118437,-1
3,2142254,2
3,2146436,-1
3,2450840,-1
3,2763209,1
3,2763215,1
3,2769238,1
3,2770015,-1
3,2770021,-1
3,2814018,1
3,2875345,-1
3,3116644,-1
3,3431967,1
3,3432886,-1
3,3551009,-2
3,3551010,-2
3,3551153,-3
3,3830573,1
3,4137384,0
3,4188611,-1
3,4188614,-1
3,4188620,-1
3,4542732,-1
3,4577419,0
3,4757813,0
3,4757814,-1
3,4757891,-1
3,4895801,1
3,5777504,-1
3,5777505,-1
3,5777511,-1
3,5778427,1
3,5778432,1
3,5886715,1
3,5886718,1
3,5956786,1
3,9237541,0
3,9806094,2
3,9806095,2
3,9806097,2
3,9806103,2
3,9939254,1
3,10014000,-1
3,10014002,-1
3,10517531,1
3,10525700,-1
3,10525777,1
3,10525778,1
3,10526016,1
3,10619283,1
3,10619295,1
3,12141322,-1
3,16477141,0
3,16477392,1
3,17951042,0
3,18640255,1
3,18827322,1
3,18827859,-1
3,19763293,0
3,26309637,1
3,26310429,-1
3,28223693,1
3,28639957,-1
3,29012792,-2
3,29616943,-1
3,29969740,-4
3,29969744,-4
3,30923504,-1
3,31106115,-1
3,32107230,-1
3,32111395,0
3,32112080,1
3,33796293,0
3,68361325,-1
3,86854051,0
3,86854054,0
3,113498129,0
3,113498135,0
3,113498138,0
3,127029769,0
3,127029772,0
3,127029775,0
3,137608236,1
3,137608339,-1
3,137706914,-1
3,138122749,2
3,138122752,2
3,138329479,-1
3,139928005,1
3,139928015,1
3,142760534,-1
3,142760544,-1
3,142760790,1
3,142765851,-1
3,142769188,2
3,142769189,2
3,142769195,2
3,143831001,0
3,143831013,0
3,144133216,-2
3,147443133,0
3,147443138,0
3,149288671,-1
3,151240476,1
3,151241597,-1
3,151860013,-1
3,154701461,-1
3,155360290,-4
3,155360301,-4
3,155710030,-1
3,155845396,0
3,156678150,1
3,156841858,1
3,156841867,1
3,157619011,0
3,157619687,0
3,157801705,-1
3,160943715,-1
3,163790279,-3
3,164631761,1
3,165494167,-1
3,166427619,1
3,166842289,1
3,166842305,-1
3,166842759,-1
3,166842763,-1
3,167116381,0
3,167116437,2
3,168346769,3
3,168525723,1
3,168964840,2
3,169123805,-2
3,169583212,1
3,169762572,1
3,170066962,2
3,170467107,-1
3,170467330,0
3,170943138,0
3,172375706,-1
3,172375785,-1
3,173326123,0
3,173518634,1
3,173518645,1
3,173563714,-1
3,173563877,-1
3,173563884,-1
3,175567110,-1
3,175981598,-1
3,176367025,0
3,176367276,-1
3,176377486,-1
3,176400309,1
3,176400870,1
3,176400959,-1
3,176400965,-1
3,176400968,-1
3,176400971,-1
3,176411127,-1
3,176411129,-1
3,176479951,1
3,176602413,-2
3,176602422,-2
3,176615725,0
3,177293747,0
3,181122673,0
3,181606754,0
3,181821122,-1
3,185607941,1
3,186901656,-1
3,187159063,-2
3,187956078,0
3,191901518,0
3,196029192,0
3,200263715,0
3,200264402,0
3,201141486,0
3,201141488,0
3,202329760,0
3,205439532,1
3,205674351,1
3,205674356,1
3,206630361,1
3,206678491,1
3,206783603,2
3,206783604,2
3,207022384,1
3,207031547,1
3,207041032,1
3,207226668,1
3,207226843,1
3,207226852,1
3,207627394,1
3,207627397,1
3,207627398,1
3,207850664,1
3,207850674,1
3,208616306,1
3,208618268,1
3,208694317,3
3,208694323,3
3,215931158,1
3,215931159,1
3,215931163,1
3,215931165,1
3,215931166,1
3,216027734,1
3,216027737,1
3,216563512,1
3,216564364,1
3,216564368,1
3,216564372,1
3,217374578,1
3,217374579,1
3,217374589,1
3,217785996,1
3,217786007,1
3,218980341,1
3,218980346,1
3,219264123,3
3,219265362,3
3,219498040,1
3,220111146,1
3,220111148,1
3,220549581,1
3,220766359,1
3,220766377,1
3,220766813,1
3,220830729,1
3,221569254,1
3,221987136,1
3,221997684,1
3,222500998,-1
3,222755108,1
3,222755111,1
3,222810570,1
3,222814824,1
3,223037721,-1
3,223177663,-1
3,223841553,-1
3,223843809,1
3,225008440,1
3,225419777,0
3,225439841,-1
3,225673550,1
3,226632415,1
3,226858717,0
3,226858905,0
3,226858906,0
3,226910953,1
3,227210378,1
3,227210386,1
3,227313526,-2
3,227313532,-2
3,227368381,1
3,227484364,-1
3,229641076,0
3,229901594,1
3,230335667,1
3,230409579,1
3,230409586,1
3,230599885,1
3,230599887,1
3,230600716,-1
4,141160,-1
4,609690,-1
4,609693,-1
4,610058,-1
4,610061,-1
4,831623,0
4,833368,-1
4,833979,-1
4,833980,-1
4,1049067,0
4,1223219,1
4,1300471,1
4,1554276,1
4,1555273,1
4,2386740,-1
4,2386742,-1
4,2387062,-1
4,2387064,-1
4,2403700,-1
4,2412927,-1
4,2486874,-2
4,2518709,-1
4,2626119,-1
4,2664397,-1
4,2664432,-1
4,2697816,-1
4,2843691,-1
4,3749911,-1
4,4216759,-1
4,4791884,2
4,4857398,-3
4,5271225,-1
4,5411233,-1
4,5411473,-1
4,5887782,-1
4,5887785,-1
4,5995004,-1
4,6045916,-1
4,6214083,-1
4,11279987,4
4,13177260,-2
4,14054972,-1
4,15842980,0
4,16235547,-1
4,16626079,-1
4,17180900,-1
4,17398186,1
4,17523291,-3
4,18045455,-1
4,18045459,-1
4,18710007,1
4,19134288,1
4,19134289,1
4,19937233,1
4,21335336,-1
4,21335616,1
4,21335624,1
4,22961710,1
4,23550148,6
4,30662944,0
4,37134856,0
4,37135073,0
4,37135080,0
4,43178483,0
4,65773270,0
4,69945519,0
4,69945522,0
4,69945525,0
4,69945528,0
4,71087350,0
4,76105154,0
4,121587596,-1
4,123692065,-3
4,123692066,-3
4,125517543,1
4,125517990,1
4,125517993,1
4,135025411,1
4,136699204,2
4,142277302,1
4,142277316,1
4,142486442,1
4,143831596,-1
4,144754693,1
4,144866703,-2
4,144866704,-2
4,146313998,-1
4,146314001,-1
4,146314824,0
4,146314832,0
4,147003680,0
4,147006742,2
4,147006743,2
4,150840308,1
4,151109615,2
4,151109619,2
4,151683144,1
4,151683162,1
4,152189540,-1
4,152190026,-1
4,152497407,2
4,152497519,2
4,153874759,2
4,153874890,2
4,154289226,-2
4,154338025,1
4,154338027,1
4,154338231,0
4,154338509,2
4,154338542,2
4,154409499,1
4,155036121,-1
4,155237839,1
4,155237843,1
4,155237849,1
4,156998035,-1
4,157124543,-1
4,157945579,-1
4,158097761,-1
4,158174238,-4
4,158589270,-1
4,158889185,-1
4,159692315,-2
4,160023086,-3
4,160154224,-1
4,161054721,-1
4,161063529,-1
4,161407150,-1
4,161407152,-1
4,161580278,-1
4,161582910,-1
4,161940412,-1
4,162299979,-1
4,164118087,-2
4,164120173,1
4,164120212,1
4,164120224,1
4,164201803,0
4,164201804,0
4,164201805,0
4,164671772,1
4,165653236,1
4,166900053,1
4,166956578,1
4,166956579,1
4,169258480,-2
4,169258494,-2
4,169259013,2
4,169259017,2
4,169647031,1
4,170681571,-1
4,170741306,-1
4,170741351,-1
4,170741353,-1
4,171668046,-2
4,171760530,-3
4,171938453,1
4,171938454,1
4,173360097,1
4,173591802,1
4,173830116,1
4,174041338,-1
4,174493610,-1
4,177376897,1
4,177377913,2
4,177377971,2
4,177377976,2
4,177470129,2
4,177612951,-1
4,178500423,-2
4,178500426,-2
4,178703194,-1
4,178766695,-1
4,178766700,-1
4,178766953,-1
4,179741307,1
4,179741308,1
4,179853434,1
4,180295075,0
4,180295077,0
4,181930917,0
4,184328379,0
4,184331513,0
4,184650997,0
4,185036744,0
4,185250398,0
4,185829737,1
4,185829738,1
4,185903026,-1
4,185903030,-1
4,185936127,-1
4,186041399,-3
4,186043033,-1
4,186657388,1
4,186685905,-2
4,186833710,-4
4,187002388,-1
4,187002397,-1
4,187126778,-1
4,187126787,-1
4,187595876,-1
4,187596354,-1
4,188385289,3
4,188489120,1
4,188493108,1
4,188852061,1
4,188852065,1
4,189035317,0
4,189035318,0
4,189946160,-1
4,190081474,1
4,190082594,0
4,190082600,0
4,190082601,0
4,190185223,2
4,191473636,1
4,191933417,-1
4,192397124,-2
4,192397137,2
4,192397520,2
4,194463852,-1
4,195299789,2
4,195299792,2
4,195299796,4
4,195395930,1
4,196375870,1
4,197002247,3
4,197162597,1
4,197166150,0
4,197709378,2
4,197709386,2
4,197853181,-1
4,197895059,2
4,197959724,-1
4,198263371,1
4,198263372,1
4,198263822,-1
4,198308634,-1
4,198737878,1
4,198951758,0
4,199457301,1
4,199457440,0
4,199611031,1
4,199611195,1
4,200370372,2
4,200370428,2
4,200497458,1
4,201020427,-3
4,201020428,-3
4,201301520,1
4,202228503,-1
4,202404411,1
4,202404412,1
4,203991893,-1
4,206673950,-1
4,207045160,-1
4,209983698,-2
4,209983707,-2
4,210040374,-1
4,211331889,-1
4,215443592,2
4,215571250,1
4,215571256,1
4,216904035,2
4,217141065,1
4,217141072,1
4,220240177,-2
4,220240178,-2
4,220527262,-1
4,220527797,-1
4,225164107,-1
4,225264557,-2
4,225264774,2
4,225450379,-3
4,225495320,-2
4,226544563,-1
4,226546733,-1
4,226823196,-1
4,226997092,-1
4,227157804,1
4,227648794,1
4,231866583,-1
4,232440614,-6
4,232695264,-2
4,233388960,-1
4,233388972,-1
4,233388973,-1
4,233659049,-2
4,235835837,0
4,237112220,0
4,237278277,0
4,237473736,-1
4,238231619,-1
4,238255580,-1
4,238319256,2
4,238319551,-2
4,238438152,1
4,238549952,1
4,238666411,2
4,238666420,2
4,241003314,0
5,923557,0
5,2337602,0
5,8709738,-2
5,9202343,0
5,9387349,1
5,9828591,1
5,9828592,1
5,9988308,0
5,10223587,1
5,10223590,1
5,10223591,1
5,13292189,0
5,13984012,0
5,20220789,0
5,52424038,-1
5,58627309,0
5,58627315,0
5,61025710,0
5,61025712,0
5,66364937,0
5,68547179,1
5,70109477,1
5,71601645,-1
5,75922020,0
5,76968840,0
5,152783144,0
5,169858298,0
5,174980750,0
5,174983512,0
5,175034101,0
5,178971039,-2
5,180421469,1
5,180951521,3
5,180952430,3
5,181440874,0
5,182961415,0
5,182961883,1
5,182961885,1
5,182961889,1
5,183479827,7
5,183479838,0
5,183479843,0
5,183659050,-6
5,183754724,1
5,184116713,1
5,184482430,-1
5,184543203,2
5,186148504,1
5,186464580,1
5,186464598,1
5,187021907,1
5,188505990,1
5,188505992,1
5,188718257,-1
5,188718259,-1
5,188970397,1
5,188970639,-1
5,189673061,1
5,189872705,1
5,189917088,0
5,190658888,1
5,190658890,1
5,190807575,2
5,190807584,2
5,191680181,2
5,191683830,1
5,191684039,1
5,191684040,1
5,191684053,1
5,191905983,1
5,192043134,-1
5,193902630,1
5,194305094,-2
5,194682819,-1
5,194682828,-1
5,196465287,-1
5,196465294,-1
5,196729548,-1
5,196729551,-1
5,196853344,1
5,197758873,0
5,197772623,-1
5,198086189,-1
5,198249647,-2
5,198838859,0
5,199258172,-2
5,199258231,2
5,199697324,-1
5,199815433,-1
5,200487842,-1
5,201283349,2
5,201283352,2
5,201459930,1
5,202151679,1
5,204117675,1
5,204387390,-1
5,204387464,-1
5,204569098,1
5,204569101,1
5,204576085,-3
5,204576184,3
5,204583345,-1
5,204810039,-1
5,204879507,-1
5,205563644,-1
5,205982806,1
5,205984564,1
5,205984566,1
5,205987251,1
5,205987255,1
5,206000806,-1
5,206330210,1
5,210566880,3
5,211228479,-1
5,211229130,-1
5,211599423,-2
5,211599428,-2
5,211733725,-1
5,212290901,2
5,212511625,-1
5,212661935,-1
5,212921437,-1
5,212921440,-1
5,212921536,1
5,213342544,-1
5,213582985,1
5,213611416,-1
5,213611417,-1
5,213611555,-1
5,214179580,-2
5,214757706,-2
5,214998546,0
5,215051650,-1
5,215051665,-1
6,1338302,-4
6,1871370,-2
6,2045404,0
6,2246472,2
6,2442064,-2
6,2592973,-1
6,3681645,1
6,4145746,1
6,5162781,0
6,7156878,0
6,7156880,0
6,22915802,0
6,36624411,0
6,66269003,0
6,69611537,0
6,69611539,0
6,69611540,0
6,79718474,0
6,88010112,0
6,89575241,0
6,89575244,0
6,89575612,0
6,92466335,2
6,95233146,0
6,95233285,2
6,95235104,1
6,95235110,1
6,95235175,2
6,95235181,1
6,95795890,1
6,96723919,-1
6,97545330,0
6,105806036,0
6,106612751,0
6,106908009,0
6,109788106,0
6,112182557,1
6,112398863,0
6,129698256,0
6,132175499,0
6,132268196,0
6,132848089,0
6,132945081,-1
6,133823882,0
6,134284964,0
6,135181741,0
6,138752486,-3
6,139874029,0
6,141468083,0
6,143492863,0
6,145624291,-2
6,147705347,-1
6,147880581,-3
6,148166604,-2
6,148166605,-2
6,148306508,0
6,148306514,0
6,148971583,-1
6,148971878,-1
6,148972456,-1
6,148972632,-1
6,148972633,-1
6,148972635,-1
6,149548005,1
6,149548006,1
6,149548015,1
6,149591676,1
6,149762738,0
6,150488745,1
6,150498610,0
6,150855634,-1
6,150999158,2
6,151987689,1
6,152266770,-1
6,152372972,2
6,152445549,1
6,153429677,0
6,153696848,3
6,155435624,0
6,155841243,0
6,156745212,0
6,156745213,0
6,156791825,0
6,159313663,0
6,159313687,0
6,159313690,0
6,159453157,1
6,159814055,1
6,159914383,1
6,160235106,1
6,160328086,-1
6,160328362,1
6,160913657,1
6,160913665,1
6,160913667,1
6,160913875,-1
6,161206160,1
6,161206316,1
6,161327738,1
6,161327751,1
6,161427471,-4
6,161647413,2
6,161648019,-2
6,161673108,-1
6,163366903,0
6,165000219,0
6,165002644,0
6,166458646,0
6,167015717,0
6,167716416,0
6,168026560,2
6,168277117,0
6,168572500,0
6,168642538,0
7,2618478,0
7,2750723,0
7,2894348,-1
7,2961018,1
7,2961027,1
7,2963961,-1
7,2965220,1
7,3896263,0
7,3896266,0
7,3896271,0
7,5569181,0
7,5569185,0
7,5789566,-1
7,5789567,-1
7,5789906,-1
7,6991624,0
7,15164510,1
7,15164512,1
7,15838086,-1
7,15838980,-1
7,18241587,2
7,18439616,2
7,18622433,0
7,18637221,-1
7,21342215,0
7,95458058,1
7,100062291,-1
7,100431337,-1
7,100431628,-1
7,100835836,1
7,100909758,-1
7,104204390,1
7,104204401,1
7,104204404,1
7,104204408,1
7,105527351,1
7,106675689,-3
7,107265632,-2
7,107267226,-2
7,107267227,-2
7,107809102,-2
7,107955308,2
7,108038605,4
7,109085833,-1
7,110935793,1
7,111362389,3
7,111437167,2
7,111686058,-1
7,121384125,0
7,123540345,0
7,123540346,0
7,123540347,0
7,123915831,1
7,123915833,1
7,123915836,1
7,123915837,1
7,124184357,-2
7,124184360,-2
7,124793485,1
7,125872095,-1
7,125872102,-1
7,125875458,1
7,126008950,0
7,126557435,-1
7,126694188,-1
7,127289842,-3
7,127303384,-1
7,127759887,-1
7,127898562,-2
7,127898567,-2
7,129931047,0
7,129995414,-2
7,130124523,1
7,130130841,1
7,130350925,1
7,130350927,1
7,130350942,-1
7,130350944,-1
7,130350948,-1
7,130394437,-1
7,130937187,1
7,131320104,2
7,131427262,1
7,131427900,1
7,132217110,4
7,132665099,1
7,132665102,1
7,133085893,-1
7,133168876,-3
7,133404605,-1
7,133413944,-1
7,133413945,-1
7,134072180,1
7,134082210,1
7,134117903,1
7,135861266,2
7,135874566,1
7,135874573,1
7,135926555,2
7,136364044,-1
7,136409912,-2
7,137206773,-1
7,138496539,2
7,140045757,2
7,140271703,-1
7,140271705,-1
7,140271708,-1
7,140271711,-1
7,140747733,-1
7,140747741,1
7,141160103,-1
7,141614582,4
7,141685536,-2
7,144064248,1
7,144133559,1
7,144337311,1
7,144337316,1
7,144566397,0
7,144568721,-1
7,144569071,-1
7,144569294,-1
7,144569296,-1
7,145632965,-1
7,145668935,-2
7,145765328,1
7,147151403,-2
7,147201956,1
7,147866916,1
7,148892356,-1
7,148892368,-1
7,148892445,1
7,152292468,-1
7,152844082,1
7,152844090,1
7,152844092,1
7,153212570,-1
7,153212582,-1
7,153212588,-1
7,153256319,-3
7,153894711,-1
7,154646869,1
7,154783705,1
7,155073366,1
7,155076798,1
7,155076816,1
7,155110388,1
7,155110410,1
7,155264490,2
7,155264528,2
7,155660529,-2
7,155660606,2
7,159947552,-1
7,161724298,-1
7,161724301,-1
7,161724304,-1
7,161735126,0
7,161735270,1
7,161841765,-1
7,161989949,-1
7,161989950,-1
7,161989955,-1
7,162297386,-2
7,162383151,-2
7,165457726,1
7,165946441,1
7,165946453,1
7,165984874,-1
7,165984876,-1
7,165984882,-1
7,165984888,-1
7,165984891,-1
7,165985041,1
7,165985749,-1
7,166592175,2
7,166592176,2
7,166592181,2
7,166592182,2
7,167060742,-1
7,167381106,-1
7,167381107,-1
7,167428862,1
7,167436414,-1
7,167679111,-1
7,167679247,0
7,167954286,-1
7,170427615,1
7,170427887,1
7,170427890,1
7,170437643,-1
7,170437646,-1
7,170712301,-1
7,171082551,0
7,171615809,-4
7,171615810,-4
7,171615816,-4
7,171719695,0
7,171746736,1
7,172989556,1
7,173113730,1
7,173263633,-1
7,173488076,3
7,173596428,2
7,173848631,2
7,173848639,2
7,173848712,2
7,173848858,2
7,173848860,2
7,173860955,1
7,173996029,-1
7,174005086,-1
7,174005622,-1
7,174005626,1
7,174221908,-1
7,174221911,-1
7,174263140,-2
7,174322724,3
7,174449665,-1
7,174619611,3
7,175041127,1
7,175041131,1
7,175246913,-1
7,175253733,1
7,175253736,1
7,175253745,1
8,1838562,0
8,1838563,0
8,2763124,0
8,3293609,0
8,4351154,1
8,4351203,0
8,4351206,0
8,7432282,-1
8,7435325,1
8,7516953,-2
8,8351003,-1
8,8351114,-1
8,8417878,-1
8,8558263,-1
8,8558366,-1
8,9629262,2
8,10013488,1
8,10092923,2
8,10864168,0
8,11304495,-1
8,11506275,2
8,11531694,0
8,11531789,0
8,13334458,0
8,13373867,-3
8,13373869,-3
8,14845584,1
8,14849595,1
8,14851728,1
8,14936549,-1
8,15246183,-2
8,15274568,0
8,15984255,1
8,15995162,-2
8,16355444,-1
8,16759268,-2
8,16759379,-2
8,16856651,-3
8,16856652,-3
8,16856654,-3
8,16856657,-3
8,17665250,-2
8,17665263,-2
8,17665970,2
8,18430752,1
8,19856777,-1
8,19857726,-1
8,19857764,-1
8,19857884,-1
8,19857887,-1
8,19857896,-1
8,20086826,2
8,21704640,-1
8,21915577,-1
8,21915602,-1
8,22253069,-1
8,22254115,1
8,22820740,1
8,22829325,1
8,22829327,1
8,23958190,-2
8,23992728,0
8,23992731,0
8,24352088,1
8,25024798,-1
8,25354589,-1
8,25951814,1
8,25951819,1
8,26863557,-1
8,26887617,-1
8,27123498,-1
8,27318129,-1
8,27318136,-1
8,27318139,-1
8,27671855,1
8,28167528,6
8,32575568,-1
8,33077447,-1
8,34395303,1
8,34395404,-1
8,34675874,2
8,35649434,-1
8,36489466,1
8,36693778,-2
8,37664145,-1
8,38527062,-1
8,38527063,-1
8,38527066,-1
8,40268685,-1
8,40685292,-1
8,40691859,-1
8,40843193,-1
8,40843199,-1
8,40843205,-1
8,48121125,-3
8,55452975,-1
8,62181045,-1
8,62181049,-1
8,62351366,-4
8,62351376,-4
8,62844122,-1
8,64090664,-1
8,64694649,-2
8,64694650,-2
8,64694653,-2
8,65299766,-1
8,65921540,-1
8,66872591,-1
8,68453374,-2
8,68453375,-2
8,68453387,-2
8,70575007,-1
8,70578434,-1
8,70578548,-1
8,71491525,1
8,71502733,3
8,71900601,1
8,71941192,1
8,73248175,-2
8,73370080,-2
8,74508017,-1
8,74508222,1
8,75123350,3
8,75160414,2
8,75160517,2
8,75160526,2
8,76951605,1
8,77592586,1
8,79811348,-1
8,80309947,-5
8,80765320,1
8,80767802,0
8,81401886,1
8,84305656,1
8,86559191,-2
8,86559196,-2
8,86760312,1
8,87004139,1
8,88472250,1
8,88472251,1
8,88472255,1
8,89936140,1
8,91502821,1
8,93004786,-2
8,93004787,-2
8,95688038,1
8,95780728,2
8,98717433,-1
8,98930245,1
8,100384605,-1
8,100384646,1
8,100503278,-1
8,100537049,-1
8,101647736,0
8,102056076,-1
8,102889990,1
8,102890003,1
8,102890240,1
8,102890258,1
8,104139517,-1
8,106155099,0
8,109360986,3
8,109360989,3
8,109615172,-1
8,109615179,-1
8,109740533,3
8,109740537,3
8,109741574,-1
8,112295469,-1
8,112295471,-1
8,112295483,1
8,112504684,-1
8,113399485,-1
8,113399488,-1
8,113399812,-1
8,113399826,-1
8,114164335,-1
8,114164348,-1
8,114819605,1
8,114820760,1
8,114820763,1
8,114820765,1
8,114820769,1
8,114820776,1
8,115165315,1
8,115432758,3
8,115433284,3
8,116376983,-1
8,116600651,-1
8,116678314,-1
8,116824953,1
8,116825104,1
8,117632593,0
8,118578095,-1
8,118579879,-1
8,118730771,-1
8,118903140,1
8,118903158,1
8,119170365,2
8,119171004,2
8,119465156,0
8,119465164,0
8,120963589,-1
8,120964243,-1
8,121989599,1
8,122282477,0
8,122282480,0
8,122282483,0
8,122463582,2
8,123340335,-1
8,123340342,-1
8,123965165,1
8,123968552,0
8,124177198,2
8,124756380,1
8,127309731,-2
8,128942893,2
8,129322724,-1
8,129322725,-1
8,129744383,-5
8,129744386,-5
8,130575572,0
8,130646220,-1
8,130646221,-1
8,130646224,-1
8,130646227,-1
8,130709209,-2
8,130788236,0
8,130788248,0
8,130869605,-1
8,131703877,-1
8,131737583,-1
8,131737597,-1
8,131940976,0
8,131940981,3
8,131940983,-3
8,131940986,0
8,132057200,-2
8,132540876,1
8,132808748,2
8,132808807,0
8,132809037,0
8,132809041,-2
8,132809044,-2
8,133372226,-1
8,133481094,-1
8,133481101,-1
8,134163289,-1
8,134163301,-1
8,135488419,-1
8,136576220,-1
8,136576903,-1
8,136576906,-1
8,136581353,1
8,137966169,1
8,138183001,1
8,138192622,1
8,138192623,1
8,138192885,1
8,138193449,1
8,138193788,1
8,138194554,1
8,138194555,1
8,138985715,0
8,139717036,-1
8,139717046,-1
8,140525142,-1
8,142066824,1
8,142652202,1
8,143474005,3
8,144390248,1
8,144676045,0
8,146525181,0
8,148613024,-2
8,148614943,1
8,148614948,1
8,149957503,1
8,150109627,0
8,150310169,-1
8,150310171,-1
8,150725183,-1
8,151130645,0
8,151193900,2
8,151446865,0
8,151447098,0
8,151447100,0
8,151449764,1
8,151648262,1
8,152127866,-1
8,152127869,-1
8,152244187,-1
8,152255041,-1
8,152497296,1
8,154534303,-1
8,154534309,-1
8,155514294,1
8,155514296,1
8,155514441,1
8,155658352,1
8,155741373,1
8,155976521,3
8,156025731,1
8,156638317,1
8,156993183,1
8,156993186,1
8,156993189,1
8,156993874,-1
8,156993876,-1
8,157003555,1
8,157003558,1
8,157006385,1
8,157006399,1
8,157227863,0
8,158640781,0
8,158640783,0
8,158640785,0
8,158916591,0
8,158963361,-2
8,158963362,-2
8,159246196,-1
8,159909114,-2
8,159957557,-1
8,159968677,-1
8,159968689,-1
8,159993060,-1
8,159993063,-1
8,160593033,-1
8,160593040,-1
8,160629494,-1
8,160658789,-1
8,160735807,-1
8,161072834,-1
8,161073627,-1
8,161093463,-2
8,161110136,-1
8,161339823,-1
8,161430293,-1
8,162082116,-1
8,162082117,-1
8,162665575,2
8,162731861,1
8,163293507,0
8,163456963,1
8,164287266,0
8,164450867,-2
8,164900050,-3
8,165106108,-1
8,165538055,-1
8,165540036,-1
8,165936076,-1
8,166111784,-1
8,166636009,-2
8,166743326,-4
8,166743327,-4
8,167152266,-1
8,167153415,-1
8,167439797,-1
8,168491351,-1
8,168491773,-1
8,168622277,-1
8,168672874,-1
8,168688061,-1
8,168688451,-1
8,168742739,-1
8,168742948,-1
8,168743464,-1
8,168805362,-1
8,168982960,-1
8,169196714,-2
8,169215066,-3
8,169215067,-3
8,169587471,-1
8,169587473,-1
8,169687532,-1
8,169687536,-1
8,169775001,-1
8,169829226,-1
8,169833010,-1
8,171200420,0
8,172559464,0
8,173359184,0
8,173482811,-2
8,173482981,-2
8,173482982,-2
8,173482986,-2
8,173488928,1
9,564189,-1
9,2215676,1
9,3311224,0
9,6573967,1
9,6573968,1
9,6574165,0
9,8015447,-1
9,9818969,-3
9,10330231,-1
9,10330234,-1
9,10533917,1
9,10534155,0
9,10601114,-1
9,11633051,0
9,11737606,-1
9,12603141,1
9,12988451,1
9,12988453,1
9,13154970,1
9,13155552,-1
9,13155560,-1
9,13497154,-1
9,13762189,0
9,14545244,-3
9,15415816,-1
9,15415823,-1
9,15624025,1
9,15698114,1
9,15698118,1
9,16148845,1
9,16326652,-3
9,17405746,1
9,17446659,1
9,18772185,1
9,18772186,1
9,20123387,-1
9,20485215,1
9,21823006,0
9,23966557,-1
9,24523274,1
9,24523277,1
9,24608623,1
9,25098204,1
9,25276956,1
9,25367960,-1
9,25537224,-2
9,25537227,-2
9,26489492,2
9,26491694,2
9,26626355,-3
9,26645162,-1
9,30763689,1
9,30763694,1
9,38546355,1
9,38546357,1
9,38881534,-1
9,40400292,1
9,40400293,1
9,43626112,-1
9,46301847,0
9,62367818,0
9,66533011,0
9,78710062,3
9,78710071,3
9,80423191,2
9,80720798,1
9,80720800,1
9,85231126,1
9,88266522,-2
9,88570916,-1
9,89454623,1
9,89740673,0
9,89741677,-2
9,90023565,-1
9,90023786,-1
9,91849131,0
9,96460344,2
9,96747147,1
9,97239352,1
9,97253529,1
9,97725379,-1
9,100300487,1
9,101491691,0
9,101685044,-1
9,101796294,1
9,102400156,0
9,103353705,2
9,103942395,-1
9,103945916,-1
9,103948273,-1
9,103948275,-1
9,103948575,-1
9,103948585,-1
9,103948586,-1
9,103968788,1
9,103970118,1
9,106060987,0
9,106525526,-1
9,107354105,-1
9,109627976,-1
9,109914662,-1
9,110869966,-1
9,110869970,-1
9,110869976,-1
9,110869982,-1
9,112026355,-1
9,112026358,-1
9,112026361,-1
9,112027606,-1
9,115004639,0
9,115981370,1
9,116268079,-2
9,119677800,0
9,124925217,0
9,127261442,0
9,127567219,0
9,131778520,0
9,132474652,-1
9,133406393,2
9,133469653,-1
9,133469654,0
9,133835363,1
9,134046028,1
9,134046037,1
9,134342523,-1
9,135004248,1
9,135526042,-1
9,136279129,1
9,136279131,1
9,136632579,0
9,137590123,0
9,137607868,0
9,138563763,0
9,138582169,2
9,138582175,2
9,138681758,1
9,139199747,-1
9,139428486,-1
9,139428491,-1
9,139449438,-1
9,139449446,-1
9,139449449,-1
9,139449453,-1
9,140477555,-1
9,140477561,-1
9,141628798,1
9,141694517,0
9,141694876,-1
9,141694925,0
9,141733482,-1
9,142728610,2
9,142877302,-2
9,142877308,-2
9,143202716,-1
9,143202719,-1
9,143202807,-1
9,143206086,1
9,143294178,1
9,143294180,1
9,143294183,1
9,143308437,0
9,144210483,1
9,144293486,1
9,144293491,1
9,145058042,2
9,145136837,3
9,145249268,1
9,145426844,2
9,145426848,2
9,145435651,1
9,145594191,1
9,146684419,-1
9,146733294,-1
9,147212503,1
9,147994116,0
9,147994123,0
9,149931956,0
9,150515262,0
9,151564993,2
9,151564994,2
9,151748791,4
9,151748794,4
9,151748801,4
9,151977192,2
9,152089730,3
9,152321977,-1
9,152321979,-1
9,154006457,0
9,154814381,0
9,156035456,0
