10,110616438,-1
10,140394147,1
10,147545769,-1
1,33116126,-1
1,40420243,-1
1,192060933,1
1,198508151,1
1,276315706,1
1,280409556,-1
1,280817013,-1
1,283262780,-1
1,287889159,1
1,292952243,1
2,5235179,1
2,5306424,1
2,7043773,-1
2,28497015,-1
2,32550798,1
2,42129251,1
2,44112004,1
2,45483522,1
2,197175712,1
2,202965752,-1
2,214265383,1
2,215278225,1
2,215687652,1
2,216585081,-1
2,234155540,-1
2,234360118,1
3,29480094,-1
3,170154875,-1
3,176399980,-1
3,205892801,1
4,4740440,1
4,4740441,1
4,24411585,1
4,150665325,1
4,174936584,-1
4,195384028,0
4,195384029,-1
4,196419393,1
4,201637778,0
4,203709846,0
4,208767949,-1
4,220527934,-1
5,186132185,1
5,188710728,-1
5,194315343,-1
5,195470823,1
5,195470829,1
5,201460605,1
5,211258775,1
5,211333035,1
5,211333041,1
5,214812810,1
5,215052645,-1
7,18080616,1
7,103308948,-1
7,105940055,1
7,111693673,1
7,141933255,1
7,145708886,-1
7,147102754,1
7,156249782,1
8,29614985,1
8,71900044,1
8,109709115,1
8,139474717,-1
8,141528912,-1
8,154703727,0
8,154703729,-1
8,156364499,1
8,173830693,-1
8,173830708,-1
9,30133101,-1
9,77474621,-1
9,98257067,1
9,145294300,-1
9,147881196,-1
9,151990143,1
