10,3718259,1
10,11409194,-2
10,13032059,0
10,39634846,-1
10,47919137,-1
10,50608432,-1
10,59319295,0
10,60678528,1
10,72600069,-1
10,73291120,-1
10,78561305,-1
10,92925373,1
10,94714147,-2
10,98904525,-1
10,106867406,-1
10,107169366,-1
10,110767438,-1
10,110977888,-1
10,116020883,-1
10,116052021,1
10,118530319,-2
10,119178244,1
10,122167232,-1
10,122311314,1
10,125860713,1
10,128993294,-1
10,128993295,1
10,130308580,0
10,135308832,2
10,140287017,1
10,140677193,1
10,141017602,-1
10,143356453,-1
10,143572979,1
10,143956549,4
10,143956558,4
10,144804863,1
10,145607620,-1
10,146088591,-3
10,146501602,1
10,148202848,0
1,1037251,-2
1,11110805,-5
1,11528262,5
1,12571451,-1
1,12855675,1
1,12857797,0
1,17749916,1
1,23490735,-1
1,25191535,-1
1,28597532,1
1,30793356,-1
1,31503416,1
1,32546929,1
1,33128171,-3
1,37677968,1
1,39408893,2
1,39458978,-2
1,39877727,1
1,40420243,-1
1,43350568,3
1,43688692,-2
1,47990246,1
1,49583317,0
1,57456164,-1
1,59310261,1
1,62532569,-1
1,64672224,1
1,66375152,1
1,67835943,-1
1,72330004,-1
1,72422088,-1
1,79690458,-1
1,80876129,-1
1,82921938,1
1,84480648,1
1,88958877,0
1,90336560,3
1,91711908,0
1,92949220,1
1,100016991,1
1,109898613,-1
1,111909990,1
1,115554655,1
1,119996969,-1
1,151088260,-1
1,158773310,-1
1,160932142,-1
1,161814904,1
1,168725870,1
1,171199791,-1
1,172213852,-1
1,172955241,-1
1,174669377,-1
1,176441321,0
1,177170422,-1
1,178504626,1
1,178568185,0
1,178797653,1
1,179627259,1
1,180424929,0
1,180975017,-2
1,180986671,0
1,181286771,-1
1,182567728,-1
1,183332157,-1
1,188010497,-1
1,188095284,-1
1,188916661,2
1,191403926,-1
1,192300521,0
1,198923696,1
1,199762332,-1
1,200303604,0
1,201227154,0
1,201525492,1
1,201674851,0
1,201907330,-6
1,202784688,-1
1,204148825,1
1,204148826,1
1,204474383,0
1,207828878,-1
1,208778243,0
1,213256727,-1
1,216823730,0
1,219437081,-1
1,220945496,-2
1,220953928,1
1,221033882,-2
1,226606428,1
1,227220328,0
1,227869085,1
1,228467588,0
1,229026995,-1
1,229035212,-1
1,229036922,0
1,229093684,-1
1,230413792,-1
1,233695671,0
1,234065146,-2
1,236056887,0
1,245929344,-1
1,248074112,1
1,248111038,1
1,248173602,1
1,249375179,1
1,254808140,-1
1,255505284,-1
1,257292433,1
1,257752758,-1
1,258035639,1
1,258035640,1
1,258059559,3
1,258113154,-1
1,258980700,-1
1,261018569,-1
1,261164999,1
1,262368624,-1
1,265223083,-1
1,265497714,1
1,268412761,-2
1,270489019,-2
1,271402526,-1
1,272896244,1
1,272896249,1
1,274791276,1
1,275119108,1
1,275154052,1
1,275833472,-1
1,275849930,1
1,278893791,-1
1,279106850,1
1,279362678,1
1,279569473,0
1,280254431,2
1,280260718,1
1,281834280,2
1,281835476,1
1,281975881,-1
1,282108022,0
1,283161176,3
1,284065171,-1
1,284066331,1
1,285386802,1
1,287182175,1
1,287561107,-1
1,288717702,-1
1,288994722,-1
1,290369936,2
1,291040434,2
1,291106467,-1
1,291106468,-1
1,291977904,1
1,292582882,1
1,293433459,1
1,294210603,-2
1,294211409,-2
1,294211413,-2
1,294239090,-1
1,295571595,1
1,295701451,1
1,295840872,-1
1,295840882,-1
1,296089901,1
1,296090037,1
1,298049157,0
1,299536675,0
1,300554974,-1
2,509629,1
2,1565686,1
2,1914161,-1
2,2129120,1
2,2539509,1
2,5148259,1
2,6989338,1
2,8967975,1
2,8967976,1
2,8999231,-2
2,9551736,-1
2,9567341,1
2,9944646,-1
2,10398848,0
2,10481620,2
2,11382859,-1
2,12575761,1
2,12908974,-3
2,13005692,-2
2,13032252,1
2,13103396,-1
2,15981262,-4
2,16850856,-1
2,21949116,1
2,23567570,-1
2,27513965,-5
2,29276792,-1
2,29958390,0
2,30311656,0
2,35901996,1
2,36501441,1
2,37453502,1
2,41222094,-1
2,41656449,3
2,43051410,1
2,43264856,0
2,44159352,0
2,45349824,-4
2,46782710,-1
2,47804121,-2
2,47805184,-2
2,47806628,-2
2,49945830,1
2,51240794,1
2,53049672,1
2,53131505,1
2,54218277,-1
2,58291543,2
2,59182859,1
2,60215330,1
2,67933208,-1
2,72303107,-1
2,73647020,-1
2,79305111,1
2,79367501,1
2,79399786,-1
2,84727077,-1
2,84861580,-1
2,86877400,1
2,86877404,0
2,88630913,1
2,88687913,1
2,90190417,-1
2,95193327,1
2,96966281,0
2,99656274,-1
2,99851474,-1
2,103812407,-1
2,105099252,1
2,107723862,1
2,107947832,-1
2,108474512,0
2,109014403,-1
2,112516543,1
2,112808521,1
2,112816958,1
2,115175242,-1
2,115513916,1
2,118136471,1
2,118137604,1
2,118708841,-3
2,118708845,-3
2,119255521,-1
2,124570690,-1
2,125198161,-1
2,127575688,-1
2,127576563,1
2,133216035,-1
2,134998559,1
2,137565535,-1
2,138949976,0
2,142554453,-1
2,144018292,2
2,144104367,1
2,144376180,1
2,144830330,0
2,157846824,-1
2,165686849,-1
2,170349052,-1
2,171375507,0
2,176886313,1
2,179522160,1
2,182331024,1
2,182998473,1
2,183161923,0
2,183162866,0
2,183169670,0
2,183170348,0
2,184589795,-1
2,184828075,-1
2,185345047,1
2,185883791,-1
2,186228752,-3
2,186232176,0
2,190725674,0
2,191798712,1
2,193350589,2
2,193434177,2
2,194272210,3
2,194295679,1
2,194323514,-1
2,195815268,0
2,197386401,1
2,199868295,-1
2,200335479,-1
2,204404606,-1
2,205692437,-1
2,208078274,-1
2,208645512,0
2,210239238,1
2,211871780,2
2,212895072,0
2,213866605,1
2,216188207,1
2,216324776,-1
2,217516252,1
2,218380128,0
2,225041985,1
2,225695529,1
2,226438280,-1
2,231218687,-1
2,234412618,1
2,234585284,-2
2,235104577,1
2,235207178,-1
2,236708423,0
2,237582624,1
3,583214,-1
3,1081605,-1
3,1081970,0
3,1780257,-1
3,2504357,-2
3,5441555,-1
3,17937926,1
3,18334122,-1
3,29721664,-1
3,32786071,0
3,35801977,1
3,43104286,1
3,46543990,-1
3,46990167,1
3,49254682,-1
3,50514438,-1
3,51292487,1
3,55363212,1
3,55675988,-1
3,67779020,-1
3,87695522,1
3,92341280,-1
3,93517107,-1
3,93525403,0
3,113019762,2
3,113661666,-1
3,121138809,0
3,128250684,1
3,130555347,-1
3,132414625,-1
3,137608006,-1
3,137709034,-3
3,138122245,1
3,139712836,1
3,139834398,-1
3,141520421,2
3,145870363,1
3,146678009,0
3,149287385,-1
3,149319033,-1
3,149481984,1
3,149725746,1
3,150413123,1
3,150463102,1
3,150469484,0
3,150470170,1
3,151374879,0
3,151670917,-1
3,151980932,1
3,152427367,0
3,152894256,-1
3,153451126,-1
3,153713758,0
3,155018510,1
3,155427713,1
3,155427714,1
3,155492374,1
3,155493447,-1
3,156000323,2
3,156112067,-1
3,158562953,0
3,161133850,0
3,161611060,1
3,163697638,-1
3,163698595,-1
3,165952397,-1
3,166058086,-1
3,166800060,1
3,167832923,3
3,168175197,1
3,169117214,-1
3,172415866,-3
3,172874805,1
3,177643639,0
3,178774408,1
3,178774409,-1
3,179747316,1
3,184274366,-2
3,186260506,2
3,187400616,1
3,188076164,-1
3,193724254,-1
3,195364141,1
3,197402847,1
3,201843323,-1
3,202437093,0
3,205892801,1
3,206184289,1
3,206228441,1
3,206497165,1
3,211903432,-1
3,211928354,-1
3,212234365,2
3,214718205,1
3,215513943,1
3,215518201,1
3,216563512,1
3,217549932,-1
3,217871369,-1
3,218347312,1
3,218349009,4
3,220595278,1
3,220605656,1
3,220741728,-2
3,222667821,-1
3,224090476,6
3,224764460,1
3,225930877,0
3,226653199,-1
3,226655774,-1
3,227031135,1
3,229066020,-1
3,230409480,1
3,230657346,-1
3,230836412,-2
3,230993268,2
4,521123,-1
4,2859353,-1
4,3007327,-1
4,4335467,-1
4,4995370,0
4,5016176,1
4,5267011,0
4,5961134,-1
4,5969403,-1
4,8311597,1
4,9853225,-1
4,11359604,1
4,17533347,1
4,19868170,1
4,22921955,2
4,23157791,1
4,24925996,1
4,26192437,-2
4,28887785,0
4,29833694,0
4,31837606,0
4,34284591,-1
4,35199319,0
4,35292573,1
4,46072713,1
4,67683129,2
4,76112065,0
4,79718917,-2
4,79719521,1
4,84751198,-1
4,89176721,0
4,94970802,-1
4,102376106,1
4,114877177,-1
4,124498230,-1
4,125655659,1
4,126030712,-2
4,126371224,1
4,127316478,0
4,130230507,1
4,130885264,1
4,131049986,1
4,131075907,1
4,132235363,1
4,132906089,1
4,133733199,1
4,135026970,1
4,136097562,1
4,140407086,1
4,142976986,1
4,143452630,1
4,143518249,1
4,145942387,-1
4,146007494,1
4,146025759,-1
4,146216249,-1
4,151204121,-1
4,153500795,1
4,154652285,-1
4,157128925,-1
4,157131490,-1
4,158482685,-2
4,159728198,-1
4,159775441,0
4,160332424,-1
4,161963688,-2
4,164317048,0
4,165683735,1
4,165694226,1
4,166077796,-2
4,166518339,1
4,167412190,1
4,169269864,-1
4,171761121,-7
4,172193685,1
4,172698079,1
4,172815987,0
4,173580095,1
4,175754967,2
4,175801150,-1
4,178535773,-1
4,178696241,-1
4,178696397,-1
4,181376938,-2
4,181841004,1
4,185817545,0
4,185953474,0
4,186220705,-1
4,186769354,-1
4,187007801,1
4,187200705,-1
4,187315012,1
4,189373193,-1
4,190508368,-1
4,190792571,-1
4,191429209,-1
4,192054129,0
4,193408386,1
4,195911762,1
4,197552807,2
4,197702730,1
4,198288330,-1
4,199032483,1
4,199846924,1
4,200185300,-1
4,200266964,-1
4,200268087,1
4,202401693,1
4,202613410,1
4,202622300,-1
4,203646705,-1
4,205721791,-1
4,206363566,-1
4,208439577,-1
4,208562420,-1
4,208563939,-1
4,208564799,0
4,209110209,-1
4,210235636,-1
4,213483964,-1
4,220362307,-1
4,223435816,-1
4,224411847,-3
4,225611309,-1
4,226918321,-1
4,226934360,1
4,226935715,-1
4,227807423,1
4,227997500,1
4,229089474,1
4,231153679,1
4,232626945,-1
4,234199602,-1
4,235429585,3
4,236006960,1
4,236912017,-4
4,237109372,-2
4,237474639,1
4,237477662,-1
4,238249221,-1
4,238287791,-1
4,238287792,-1
4,241784500,1
5,318738,-1
5,2591092,3
5,2591093,3
5,10512040,-1
5,21367889,4
5,21367895,1
5,21905582,1
5,34325722,3
5,39317939,1
5,48822648,1
5,49295205,1
5,52427285,-1
5,52725692,-1
5,55242000,-1
5,61102305,-1
5,62914823,-1
5,66143241,-2
5,70681763,-1
5,80694273,1
5,85973800,-1
5,90835002,1
5,91837553,-1
5,104035015,0
5,153696155,-1
5,156203086,0
5,160741390,1
5,162686100,1
5,164381861,1
5,164382527,1
5,175684636,-1
5,175691466,-2
5,177063341,1
5,177063542,0
5,178537524,1
5,180219700,0
5,180229489,-1
5,182129087,-1
5,184093713,1
5,185457635,-1
5,185680095,1
5,186310991,-1
5,190646840,2
5,191938879,1
5,192360564,-1
5,192490047,1
5,193216169,-1
5,194258648,-1
5,196735561,-1
5,196887233,1
5,199047252,-1
5,199258231,1
5,199555761,1
5,202879006,1
5,204348310,-1
5,204378533,2
5,204960448,1
5,205366427,1
5,206416659,1
5,206581693,1
5,211228487,-1
5,213021541,0
5,213169485,1
5,213328650,-1
5,213328846,-1
5,213895577,-1
5,214147474,-2
5,214216539,-1
5,215307179,1
5,217008773,2
5,217886660,0
6,802099,-1
6,1337603,-4
6,1337608,-4
6,2057553,-1
6,2387306,-1
6,3874857,-1
6,6084675,0
6,7820157,0
6,22559936,-1
6,27459847,0
6,32547974,0
6,35885442,0
6,61986108,-1
6,70269012,-1
6,71887886,1
6,73679022,2
6,76440254,1
6,95459453,1
6,96349108,1
6,96682397,1
6,96682787,1
6,97244739,-3
6,98252841,-3
6,100918616,-1
6,101045767,-1
6,101162677,1
6,103671656,1
6,104604910,-1
6,105331268,-1
6,106485494,0
6,121258942,1
6,122857621,1
6,127843790,-1
6,129988617,0
6,134636922,-1
6,135840857,1
6,137440079,1
6,141851148,1
6,145517685,1
6,147874040,-1
6,148298377,1
6,149110333,-1
6,150318538,1
6,150420711,1
6,150491042,1
6,152016177,0
6,152509211,1
6,154624048,-1
6,158406518,7
6,160214847,1
6,160875032,1
6,161330567,1
6,161786989,-1
6,165231998,-2
6,165334915,2
6,165559328,0
6,167079372,-1
6,167081284,-1
7,5074775,1
7,5358397,1
7,5380019,1
7,6963742,-1
7,12334147,1
7,17653055,0
7,18756343,1
7,18880191,1
7,31862549,1
7,47371105,2
7,48059072,-1
7,80850636,-1
7,87257434,1
7,88183201,-1
7,95416896,-1
7,98375561,-1
7,101413244,-1
7,101663906,-2
7,105955409,1
7,109929128,0
7,111735954,0
7,120645584,1
7,124602777,-3
7,125627634,2
7,127091294,-1
7,127212846,0
7,130397547,-1
7,132425446,1
7,132425452,1
7,132472476,1
7,132592957,1
7,135243519,1
7,136019321,1
7,136061288,-3
7,141039231,-2
7,141499436,0
7,141861502,-1
7,142463619,-1
7,143907054,1
7,145420642,5
7,145657341,1
7,145762800,-1
7,145763109,-1
7,146785050,2
7,152000521,-3
7,153327462,1
7,156434952,-1
7,159954072,-1
7,162088757,0
7,163578762,1
7,164688684,1
7,168042658,1
7,169382081,0
7,170179638,-1
7,170689733,1
7,171613652,0
7,171740860,-2
7,172197683,-1
7,172508529,1
7,172619660,5
7,176580648,1
8,4619678,2
8,6934376,1
8,8008656,5
8,8276242,2
8,8710556,-1
8,11682770,-1
8,15274158,1
8,15286911,0
8,15471235,-1
8,16325793,1
8,16425349,-1
8,16581826,1
8,16916581,-1
8,22442435,1
8,24731201,1
8,26073312,0
8,26074305,2
8,26104132,-1
8,28693061,-1
8,31609505,-1
8,32321808,-1
8,33318376,0
8,33392543,-1
8,35006844,-1
8,35145618,1
8,35833688,1
8,36220468,1
8,37088618,-1
8,37416690,-1
8,40793577,-2
8,42959941,-3
8,42962370,-3
8,42979845,3
8,45571284,-1
8,51809019,-1
8,53631120,-1
8,55227727,-1
8,55514385,-1
8,56737311,0
8,58248717,-1
8,60081238,1
8,63528150,-1
8,66925590,1
8,67522300,0
8,68138770,1
8,72431120,-1
8,72611384,-1
8,72641420,-1
8,73155602,-1
8,75559691,-1
8,79208169,-1
8,80014272,-2
8,81171215,1
8,81674694,0
8,81675889,1
8,82145422,-2
8,83876994,1
8,83932210,1
8,84128803,1
8,87216627,1
8,90200728,1
8,91908291,-1
8,97250465,-1
8,103424472,1
8,103731878,-1
8,106086837,-1
8,106383019,1
8,106383028,-1
8,106635583,-1
8,106972846,1
8,107309303,1
8,107787344,1
8,108238354,1
8,110814648,-1
8,111273334,-1
8,112293905,1
8,114178500,-2
8,115019464,1
8,116819724,0
8,116819856,1
8,117694506,-1
8,118766622,-1
8,118767543,-1
8,119575907,1
8,121532218,1
8,121644948,1
8,123676237,-1
8,125067638,-1
8,128554613,-1
8,128590148,-1
8,129189206,1
8,130695396,-1
8,130756709,1
8,131699912,-1
8,136996331,-1
8,138020438,1
8,138026532,-1
8,138379903,0
8,138674312,-1
8,141447084,2
8,141520139,1
8,141781868,1
8,143672683,2
8,147189780,-3
8,150452439,-1
8,151769809,0
8,152914277,-1
8,153941512,1
8,155385002,1
8,156031448,1
8,158623512,-1
8,159037861,1
8,160249884,0
8,160675282,-1
8,162011851,-1
8,162213462,-1
8,162765636,-1
8,162945316,1
8,163130781,1
8,164661556,0
8,164671233,-1
8,164900596,-1
8,166752040,-1
8,167439111,-1
8,167883452,-1
8,168608112,-1
8,168615796,-1
8,168983988,-1
8,169083430,-1
8,169845055,-2
8,171760235,-1
8,172673249,1
8,173146785,-1
8,173538273,2
8,173769525,3
8,173769530,3
8,173896741,2
9,710333,-1
9,815304,-1
9,1481896,-1
9,5045225,-1
9,6079679,-1
9,6082280,-1
9,7289037,-1
9,7585570,-2
9,7646233,-1
9,10091594,-1
9,11746824,1
9,11850501,0
9,11852490,-1
9,12621907,0
9,15693496,1
9,16041970,-3
9,17069996,1
9,17071544,-1
9,17073794,-1
9,17077131,1
9,17077609,-1
9,17080169,-1
9,17327760,1
9,19618933,0
9,20986116,1
9,22107537,-1
9,22354075,1
9,24465148,-1
9,24867237,1
9,25098452,1
9,25603622,-3
9,26629972,1
9,28021420,-1
9,30211145,-1
9,30211247,-1
9,30638898,-1
9,32515770,0
9,33161831,1
9,34235362,-1
9,36956539,2
9,36956540,-2
9,37427876,-1
9,40361462,-1
9,41651920,1
9,41653296,1
9,43536431,0
9,44487330,-1
9,47229486,-1
9,49446759,1
9,50078145,0
9,50282783,-1
9,50285260,0
9,52169385,0
9,56207226,1
9,61730593,-2
9,63637867,-1
9,64138503,0
9,67749875,0
9,67856418,0
9,70173473,-1
9,84611115,-1
9,85296960,1
9,85880699,1
9,87324593,1
9,89596657,1
9,91482665,1
9,94363842,-2
9,94756920,-1
9,95020282,0
9,95814613,-1
9,95901287,-1
9,95901289,-1
9,97269290,-1
9,97269957,0
9,99642107,1
9,100856931,1
9,100965033,-1
9,101891355,1
9,104576592,1
9,104698138,0
9,105895547,-1
9,107644053,-2
9,108050137,0
9,108973931,-1
9,109627837,1
9,110876780,-1
9,112140345,-1
9,112652906,-2
9,114187420,1
9,116743126,3
9,117647338,1
9,120996128,-1
9,121313387,-1
9,121839765,-2
9,124031211,-1
9,124307271,1
9,132712456,1
9,133648105,-3
9,134618191,-4
9,134865011,-1
9,135990695,1
9,136144870,1
9,138093979,-1
9,140020119,-2
9,140209804,2
9,140598935,1
9,140601193,1
9,140614660,1
9,144210274,1
9,144211285,1
9,144771388,-1
9,144841778,1
9,150278649,-1
9,153575970,1
9,154006457,0
9,155055997,2
