10,65670306,0
10,139714168,-1
10,144111810,-1
10,148250691,1
1,146267,1
1,15184406,1
1,32002797,-2
1,51325268,-3
1,54332228,0
1,69222791,1
1,73923589,-1
1,154892884,-1
1,173061603,0
1,179282291,1
1,180652080,2
1,188892597,-1
1,191894102,2
1,193776873,0
1,195184049,3
1,204473740,0
1,208340544,-1
1,246279257,-1
1,255478561,-1
1,256352293,-1
1,257750399,-1
1,259368199,1
1,260089647,1
1,260715132,-1
1,280176829,-1
1,291025468,1
1,291037255,1
1,291383869,1
1,299621395,0
2,568000,-1
2,1819888,-1
2,6363472,1
2,9449012,1
2,12908517,1
2,15135671,0
2,33634860,-1
2,34228522,0
2,38769416,1
2,42515471,1
2,43423976,-1
2,46631328,1
2,49985764,-1
2,61047169,1
2,67539538,1
2,79399930,0
2,103801933,-1
2,107723862,1
2,112705814,1
2,122983452,-1
2,136203731,1
2,136227120,1
2,141491266,1
2,142668362,1
2,145686485,0
2,153853534,-1
2,159836570,-1
2,166940672,-1
2,173958627,-1
2,186774314,0
2,186777028,0
2,195555456,1
2,200516278,-1
2,208495736,-1
2,216007876,-1
2,221563584,1
2,232271080,0
2,234418543,-1
3,3525126,1
3,28355097,-1
3,31477109,1
3,141395353,1
3,141518854,-1
3,141524926,0
3,152927475,-1
3,156979015,1
3,165015263,1
3,165500118,1
3,166843019,1
3,167790585,0
3,175567277,-1
3,205548636,1
3,206601114,1
3,207553227,1
3,208489442,1
3,218975647,1
3,221586988,1
3,221965780,-1
3,222858700,1
3,231916148,1
4,2998765,-1
4,3051405,-1
4,3238938,1
4,4072472,-1
4,4335443,-1
4,4710673,0
4,5176473,-1
4,5271564,-1
4,17165610,-1
4,23372852,1
4,68538331,0
4,89175624,1
4,114306770,1
4,133951372,1
4,144678463,0
4,152916097,0
4,163046030,1
4,177400437,-1
4,186225984,-1
4,189764262,-1
4,191933554,-1
4,201142707,-1
4,202082094,-1
4,202621358,-1
4,203194040,-1
4,214268964,1
4,221810394,-1
4,224587127,-1
4,230386940,1
4,232502422,-1
4,233754950,-1
5,2592266,1
5,2803619,1
5,26101151,1
5,31075230,1
5,45153191,-1
5,54530005,1
5,62715046,-1
5,93894515,-1
5,121095788,1
5,139671898,-1
5,180050909,-1
5,182184618,1
5,183754229,-1
5,188517033,-1
5,200222166,-1
5,200229071,-1
5,206669271,-1
5,214944046,1
5,217870144,1
6,477674,1
6,36489683,2
6,51373185,1
6,54799869,1
6,107077041,0
6,135831687,1
6,138673207,1
6,147643624,0
6,148549717,1
6,150879267,-1
6,151038775,-1
6,151420912,-1
6,161429274,1
7,38637721,0
7,78681009,-1
7,99327677,-1
7,111436967,1
7,111734425,0
7,126557717,-1
7,138155210,-1
7,141861361,-1
7,147764349,1
7,172201645,-1
7,174327560,-1
8,8888516,1
8,9628512,-1
8,10078653,1
8,10657366,-1
8,12937559,-1
8,19840387,-1
8,31610741,-1
8,32891690,1
8,36221163,1
8,55513683,-1
8,59821935,-2
8,62707516,0
8,63938575,-1
8,67882667,-1
8,82074214,1
8,99649241,1
8,99711383,1
8,100838450,-1
8,137233407,0
8,138096537,1
8,138183313,1
8,138674995,0
8,143233348,1
8,154787029,1
8,155753843,1
8,165080806,-1
8,166367244,-1
8,167409392,-1
8,168742408,-1
8,169455588,-1
8,169460494,-1
9,15622772,1
9,17864076,1
9,20478457,2
9,25536780,-1
9,26978006,-2
9,30895176,-1
9,44120486,1
9,50077816,-1
9,51126476,-1
9,77071551,1
9,82965482,1
9,83098093,-2
9,84000547,-1
9,91037643,0
9,99181523,1
9,101317541,1
9,103828977,-1
9,139792847,1
9,139792848,1
9,142754530,-1
9,151833083,2
9,152310574,-1
