1;267911;1
1;269793;-1
1;722406;1
1;5533842;2
1;7453588;-1
1;8216987;-1
1;8308761;1
1;8532004;-1
1;8570454;1
1;23584410;1
1;28611256;-2
1;29036679;-1
1;31540175;-1
1;31540178;-1
1;32159104;3
1;32233138;1
1;32585010;2
1;33128355;-1
1;33221007;-1
1;33828404;-1
1;35137590;1
1;35154042;1
1;35496380;-1
1;35773253;-1
1;35996628;1
1;36158936;-1
1;36158942;-1
1;36440508;1
1;38637702;-1
1;38853291;1
1;38874841;1
1;38876885;1
1;39058098;1
1;39606596;1
1;41446507;1
1;42857015;1
1;49063515;-2
1;52219247;1
1;54569552;-1
1;55762233;1
1;55762239;1
1;55762240;1
1;56161160;-1
1;62424559;1
1;62531464;-1
1;63094360;1
1;64668197;-1
1;64989990;1
1;64990281;1
1;67054563;1
1;67533429;1
1;68871252;-1
1;71141970;1
1;77358275;-2
1;77496146;1
1;80335165;-1
1;80932152;-1
1;80970963;-1
1;80971725;-1
1;80973809;-1
1;81222820;1
1;81512600;1
1;81512614;-1
1;81796755;1
1;81935705;-1
1;82198830;1
1;82198832;1
1;82198903;1
1;82199023;-1
1;82199046;-1
1;82499520;4
1;82500697;4
1;82588942;1
1;82926118;-2
1;83532832;1
1;83532833;1
1;83799826;-1
1;84643152;-1
1;86270735;-1
1;86955621;1
1;87205651;-1
1;87580642;1
1;87580643;1
1;87988584;1
1;87988629;1
1;91560591;-1
1;94271845;1
1;104284261;-2
1;105770089;-1
1;107372068;1
1;108668808;-1
1;125201848;1
1;126124087;1
1;140928130;-1
1;149137211;-1
1;149137235;-1
1;149331757;5
1;152176672;-1
1;152176678;-1
1;152517244;-1
1;152518165;-1
1;153365731;1
1;154524100;-1
1;154892848;-1
1;154953692;-1
1;154955189;-1
1;155440198;-1
1;155440200;-1
1;156175497;-1
1;156502780;1
1;156502782;1
1;157080530;3
1;157411544;-2
1;161698678;1
1;162481947;1
1;162601110;-1
1;162806496;-1
1;164507871;-1
1;165028757;1
1;165100404;1
1;165100411;1
1;165631761;-1
1;165962479;-2
1;166736313;-1
1;166785208;-2
1;166882194;1
1;172248024;-1
1;172252879;-1
1;172253347;-1
1;172253961;-1
1;172253991;-1
1;172425260;-1
1;172897579;-1
1;173234535;-2
1;173234551;-2
1;174023911;-1
1;174026365;-2
1;174392253;-1
1;174561294;-1
1;174824882;-1
1;174872800;-1
1;174875897;-1
1;175320507;-1
1;175320577;-1
1;176447410;-1
1;176783829;-1
1;177077668;-1
1;177647514;-1
1;177656884;-1
1;178429235;-1
1;179619917;1
1;179622262;1
1;179623180;1
1;179747301;1
1;179896442;-1
1;179896530;-1
1;179950197;1
1;180365075;1
1;180635821;-1
1;180715473;1
1;180720225;2
1;180839512;-1
1;180839599;-1
1;180854838;-1
1;180963494;-2
1;180963500;-2
1;180974990;-2
1;182653678;-1
1;182931036;1
1;183587899;1
1;183619886;1
1;184045368;-1
1;185061951;-1
1;185759893;-1
1;186710268;-1
1;187097471;-1
1;188009262;-1
1;188066410;-1
1;188066413;-1
1;188633834;-1
1;188961117;-1
1;189121893;1
1;190223489;-1
1;190347746;-1
1;190634707;1
1;190671481;-1
1;190671514;-1
1;191403926;-1
1;191404867;1
1;191404868;1
1;191548582;1
1;191653522;-1
1;191893647;1
1;191894142;-2
1;191894189;2
1;192061274;-1
1;192350144;1
1;192510889;1
1;192511287;1
1;192511289;1
1;193777633;-1
1;194606228;-1
1;194606230;-1
1;195027646;1
1;195182271;1
1;195182336;1
1;195754045;3
1;195754240;-1
1;196227112;1
1;196228536;-1
1;196228629;-1
1;196236560;1
1;196299017;-1
1;196461557;-1
1;196804712;-1
1;197006954;-1
1;197104484;-1
1;197690352;-1
1;197690356;-1
1;197690375;2
1;197690680;2
1;197690703;2
1;198264345;1
1;198574522;1
1;198775606;-1
1;199103646;1
1;199103652;1
1;199665939;1
1;199687333;-1
1;199687463;-1
1;199773446;-1
1;200106514;1
1;200195672;-1
1;200672242;-1
1;201439570;1
1;201907372;-3
1;202032492;1
1;202203777;1
1;202206189;1
1;202341607;-1
1;202446921;1
1;202565866;-1
1;202957030;1
1;202957045;-1
1;203287142;-1
1;203375644;1
1;203375650;1
1;204474361;1
1;205135901;1
1;205233151;2
1;205233711;1
1;205560617;-1
1;206153730;-1
1;206428871;1
1;206503924;1
1;206602503;1
1;206784909;1
1;206903145;1
1;207206455;1
1;207212866;-1
1;207226021;-1
1;207228549;-1
1;207434358;2
1;207434370;2
1;207648051;1
1;208036701;-1
1;208213227;-1
1;208213268;-1
1;208340639;-1
1;208780399;-1
1;208780685;-1
1;208872969;1
1;208873032;1
1;209268135;-1
1;209268299;-1
1;210146886;-1
1;210951713;1
1;210951714;1
1;214158701;-2
1;214533293;-1
1;218824121;-1
1;219431921;-4
1;220057819;-2
1;220151449;-2
1;220254440;-2
1;220767708;-1
1;220945496;-2
1;221033882;-2
1;221239788;-1
1;221354340;-2
1;221356531;-1
1;222379173;-1
1;222379174;-1
1;222450828;-1
1;234451684;1
1;239472284;-1
1;243459605;1
1;246539847;1
1;246762906;-1
1;248139729;-1
1;251204793;-3
1;251204796;-3
1;251206482;-1
1;251219431;2
1;251311434;1
1;253563151;-1
1;253831411;-2
1;253959476;-1
1;254620023;1
1;254620052;1
1;254620405;-1
1;255321935;1
1;255457874;-1
1;255458264;-1
1;255693644;1
1;255695716;1
1;255803994;-2
1;255804369;1
1;256057800;1
1;256138349;1
1;256427622;-4
1;256427654;-4
1;256631809;-3
1;257275384;-1
1;257279977;1
1;257867901;-1
1;257998515;-1
1;257998601;-1
1;258012212;-3
1;258013455;-1
1;258424811;2
1;258716506;1
1;260682708;-1
1;260715482;-1
1;260715552;-1
1;261291825;-1
1;261547011;1
1;261547014;1
1;262221467;1
1;262292638;1
1;262790093;-1
1;263005855;1
1;263067738;-1
1;263669273;1
1;263669274;1
1;263669282;1
1;264390173;1
1;264584118;-1
1;265222349;-1
1;265231821;-1
1;265475534;1
1;265657787;1
1;267849752;2
1;269004625;-2
1;269016435;1
1;269103108;-1
1;269191460;1
1;269627466;1
1;271379810;1
1;271380192;4
1;271400132;1
1;271400462;1
1;271400557;1
1;272340486;1
1;272562133;-1
1;272622804;1
1;272622805;1
1;273166910;1
1;273394007;-1
1;273899187;1
1;273899664;1
1;273932459;1
1;273932521;1
1;273932529;1
1;274577712;2
1;275898345;1
1;276044031;1
1;276275798;1
1;276275800;1
1;276275801;1
1;276496498;1
1;276496975;-1
1;276498077;1
1;278419551;-2
1;278419554;-2
1;278533762;-1
1;279252587;1
1;279541974;1
1;279542377;2
1;279964564;2
1;279964567;2
1;279964773;1
1;280122178;2
1;280263601;1
1;280410865;-1
1;280540501;1
1;280817630;2
1;281471553;-1
1;281818595;2
1;281835398;1
1;281952390;-1
1;281976414;1
1;282940000;3
1;282964337;1
1;283160478;-2
1;283263656;-1
1;283457994;-1
1;283502500;-2
1;283502501;-2
1;283502504;-2
1;283674984;-1
1;284077932;1
1;285165487;-1
1;285218160;1
1;285218172;-1
1;285462062;-1
1;285824842;1
1;285998579;1
1;285998580;1
1;286242869;1
1;286253610;1
1;286253613;1
1;286312393;-1
1;286437008;1
1;286470748;1
1;287217561;1
1;287367520;1
1;287367521;1
1;287367522;1
1;287367682;1
1;287550102;-1
1;287586489;-1
1;287586516;-2
1;287586780;-2
1;287586903;-2
1;287792576;-3
1;287826060;-1
1;288084461;-1
1;288805328;1
1;288805329;1
1;288937963;-1
1;288999447;-1
1;289184168;-1
1;289400940;1
1;290206408;1
1;290208624;2
1;290217378;1
1;290669305;-3
1;290930454;-1
1;291038319;-1
1;291106467;-1
1;291106468;-1
1;291557270;-1
1;291731209;-1
1;291731247;-1
1;291855434;1
1;291856563;1
1;291857163;-1
1;291977904;1
1;292000696;2
1;292001908;-2
1;292598426;2
1;292743176;1
1;292771434;1
1;292873867;1
1;293223009;-2
1;293347783;3
1;293704398;1
1;294243226;1
1;294820504;-2
1;294821615;-1
1;294892670;-1
1;294985692;1
1;295387220;-1
1;295550523;-1
1;295550594;1
1;295554320;1
1;295556022;-1
1;295804488;1
1;296089210;1
1;297943412;5
2;725158;-1
2;900383;-1
2;903909;-1
2;1046579;1
2;1270636;1
2;1311994;-1
2;1336394;2
2;1361842;-1
2;1462242;-2
2;1675590;-1
2;1961775;-1
2;1961793;-1
2;1981484;-1
2;2081840;1
2;2116477;2
2;2131564;-1
2;2539509;1
2;2630698;-2
2;2635033;1
2;2635282;1
2;2682290;1
2;2916934;1
2;4353459;-1
2;4670743;-1
2;4998480;1
2;4998592;1
2;5072555;1
2;5307128;1
2;5520818;1
2;5520824;1
2;5520826;1
2;5520830;1
2;5553146;1
2;5553162;-1
2;6036727;-1
2;6037586;1
2;6628523;-1
2;6717504;1
2;6717505;1
2;6722402;-3
2;6737936;-1
2;6992865;-1
2;6992951;-1
2;6994830;1
2;6995828;1
2;7009750;-1
2;7048543;-1
2;7048850;-1
2;7270990;-1
2;7277387;1
2;7277632;3
2;7277819;-3
2;7295042;1
2;7429116;-1
2;7850850;1
2;7851204;1
2;8301258;1
2;8732812;1
2;8784227;1
2;9321153;1
2;9366825;-1
2;9560543;-1
2;9560547;-1
2;9560580;-1
2;10149730;-1
2;10397817;-1
2;10398141;1
2;10398211;-1
2;10481620;1
2;10485878;1
2;10485921;1
2;10546278;-1
2;10559919;-1
2;10610581;-1
2;11944149;-1
2;12203719;1
2;12265463;1
2;12577404;1
2;12577434;-1
2;12639143;-1
2;12809809;1
2;12907388;-3
2;12907747;-3
2;12908833;-1
2;13008161;-1
2;13008188;1
2;13359323;-1
2;13803614;-1
2;13895221;-1
2;14217795;-1
2;14343073;1
2;15011537;1
2;15591302;-4
2;15591543;-3
2;15592404;-3
2;15592476;-3
2;15879133;-1
2;16009240;1
2;16413133;-1
2;17204508;-1
2;18697619;-1
2;18697845;-1
2;18759062;1
2;18759066;1
2;19390446;-1
2;19390448;-1
2;19392507;1
2;19392508;1
2;19392514;1
2;20226914;1
2;20226937;-1
2;20534598;1
2;20670369;-1
2;23328400;1
2;23595851;-3
2;23596166;2
2;23622346;-1
2;23623319;-1
2;23803978;-1
2;23849351;4
2;23939677;1
2;25182630;1
2;25287514;1
2;27115380;3
2;27115777;3
2;27478323;1
2;27826575;1
2;28517456;-2
2;28517461;-2
2;28605425;1
2;28627932;1
2;29194578;-1
2;29737776;-1
2;29737862;1
2;30293943;-2
2;30293946;-2
2;30309053;-2
2;30802802;-2
2;30802804;-2
2;30912653;3
2;31028231;1
2;31151864;-1
2;31503396;-1
2;31507581;1
2;31507804;1
2;31507859;1
2;31847614;-2
2;31899354;-2
2;32569423;1
2;33147159;-1
2;33263641;1
2;33634827;-1
2;33634828;1
2;33665835;1
2;33701628;1
2;33701745;1
2;33703066;1
2;33706575;2
2;34095702;1
2;34095762;1
2;34097890;1
2;34135820;-1
2;34228571;1
2;34248698;2
2;34404366;1
2;35062267;-1
2;35063288;-1
2;35984704;-1
2;36949383;1
2;37453502;1
2;38954518;-1
2;39222764;-1
2;40633252;-1
2;40633255;-1
2;40633259;-1
2;40780457;1
2;40780459;1
2;41307706;-1
2;41307872;-1
2;41312687;-1
2;41385786;-1
2;41639587;2
2;42112506;-2
2;42529060;-1
2;42629462;1
2;42887558;1
2;43587898;-1
2;44262768;1
2;44573794;1
2;44666962;1
2;44890288;-1
2;44960157;-1
2;44961262;2
2;45100439;1
2;45100470;1
2;45350007;2
2;45424919;-2
2;45570132;1
2;46383838;-1
2;46383839;-1
2;46694406;-1
2;47743208;1
2;47743269;-1
2;47909415;-1
2;47909533;1
2;47909574;1
2;47994925;-1
2;48735492;1
2;49230641;-1
2;49366578;1
2;49746755;1
2;49748219;1
2;50342179;1
2;50555244;-1
2;50604959;-1
2;51441589;2
2;51960280;1
2;52616922;-1
2;54474518;2
2;56188483;1
2;56188980;-1
2;56305968;1
2;56422123;1
2;57685204;-4
2;57889188;2
2;58274689;8
2;58374338;1
2;58529555;1
2;60079216;1
2;60937539;-1
2;61937117;1
2;61958744;1
2;62121638;1
2;62494456;1
2;62494461;1
2;64001818;2
2;64577773;-1
2;64577831;-1
2;66067959;1
2;66167153;1
2;66167162;-1
2;67228794;1
2;67228826;-1
2;67229134;-1
2;67229515;1
2;67635404;1
2;68169468;-1
2;68388184;-1
2;68475773;-1
2;68539281;1
2;68542717;1
2;69808890;-1
2;69808961;-1
2;71432190;-1
2;72182055;1
2;72237472;-1
2;72520844;-1
2;72521662;1
2;72521664;1
2;73587398;1
2;73920530;-2
2;77279521;1
2;78512656;1
2;81075642;3
2;81075756;3
2;83958366;-1
2;83967029;-1
2;85318464;-1
2;88057763;1
2;88719839;1
2;89457863;-1
2;90193147;-1
2;91355541;-1
2;95789240;1
2;99382682;-1
2;99382684;-1
2;108048179;-1
2;109020434;1
2;109020618;1
2;110121069;1
2;110718673;1
2;110883487;1
2;111529932;1
2;112604147;1
2;112604628;2
2;112604630;2
2;114530384;1
2;114547375;-1
2;115393625;-1
2;116107916;-1
2;116107952;1
2;117413753;1
2;120763343;-1
2;121067745;1
2;121067749;1
2;122214751;-1
2;122984470;-1
2;122984684;-1
2;122985135;-1
2;124569951;-1
2;124570303;-1
2;124570384;-1
2;125053096;-1
2;126115237;-1
2;126115238;-1
2;128456933;1
2;130909456;-1
2;130992017;-1
2;131628621;-1
2;134994916;1
2;135769773;-1
2;135771717;1
2;136744917;-2
2;136980980;7
2;137912971;-1
2;141274866;-1
2;141274868;-1
2;141484392;-1
2;142339366;1
2;142339370;1
2;142654157;-1
2;142654292;-1
2;142654293;-1
2;142659348;1
2;142664510;1
2;142862115;1
2;143898483;2
2;144709631;-1
2;145435115;1
2;145435519;7
2;145435783;2
2;145437001;4
2;145866706;-1
2;146625107;-1
2;146625163;-1
2;146625276;-1
2;146625282;-1
2;148524909;1
2;148867546;-1
2;149039807;-1
2;149039810;-1
2;154144710;-1
2;157846766;-1
2;157846807;-1
2;157847370;-1
2;157938850;-1
2;163127190;1
2;163595891;-3
2;165516795;2
2;165621851;-4
2;168476477;-1
2;173187672;-1
2;176346992;1
2;176399018;-2
2;178087813;2
2;178088898;2
2;178546610;-1
2;178546761;1
2;178729095;-1
2;179669002;1
2;180630814;1
2;180815764;-1
2;180815765;-1
2;181760177;-1
2;181927851;-1
2;182197320;1
2;182874300;-1
2;183159760;-2
2;183286495;1
2;183849780;1
2;183946383;-1
2;184215556;2
2;184650977;-1
2;185667645;1
2;185761950;-1
2;186233553;2
2;186425106;-1
2;186766112;-1
2;186775674;-1
2;186915715;-2
2;186915826;-1
2;186915950;-1
2;186919849;-1
2;187273560;1
2;187273566;1
2;188009556;1
2;188574255;1
2;189062857;1
2;189063337;1
2;189784802;1
2;189858527;-1
2;190166730;1
2;190351410;-1
2;190351441;-1
2;190351444;-1
2;191586645;-2
2;192621286;1
2;193071459;3
2;193350400;1
2;193350589;1
2;193350781;1
2;193402267;1
2;193402284;1
2;193402400;1
2;193859991;1
2;194035952;2
2;194269358;-3
2;194269387;-3
2;194272242;1
2;194322885;1
2;194686540;1
2;194763955;-1
2;195046507;1
2;195686222;1
2;196078760;-1
2;196078761;-1
2;196565231;-2
2;196731627;-1
2;196952416;1
2;197165213;1
2;197660715;2
2;197660718;2
2;197666188;1
2;198036191;1
2;198101831;1
2;198251308;1
2;198251312;1
2;198252473;1
2;198277235;-1
2;199058586;1
2;199062469;1
2;199238646;-1
2;200105298;-3
2;200223569;-1
2;200227247;1
2;200245464;-1
2;200245627;-1
2;200348699;-1
2;200455887;1
2;200513817;-1
2;200549359;-1
2;201062963;-1
2;201561632;1
2;201561639;1
2;201848930;1
2;202232883;1
2;202454663;1
2;202454664;1
2;202952176;-1
2;202965507;-1
2;203397106;-1
2;203616580;-1
2;208305334;-1
2;208362088;-1
2;209674887;3
2;209790962;1
2;210701255;-1
2;211455707;-2
2;211529845;-2
2;211822035;2
2;212146990;-1
2;212463633;-1
2;213203939;-2
2;213313603;1
2;213825367;-1
2;213840691;-1
2;213973778;1
2;213992128;-1
2;214028559;-1
2;214028567;-1
2;214345340;1
2;214696084;-1
2;214871455;1
2;214872757;1
2;214899527;1
2;214899708;1
2;215198265;1
2;215243266;1
2;215593750;1
2;216071337;1
2;216860444;-1
2;216992959;-1
2;216993120;-1
2;217162664;1
2;217280088;-1
2;217299338;-1
2;219161190;1
2;219161297;1
2;219483955;1
2;219483956;1
2;219484094;1
2;221564899;1
2;222887990;-1
2;224716552;-1
2;226119061;-1
2;227081562;1
2;227348453;1
2;227952146;1
2;228223295;-1
2;228223431;1
2;228636314;1
2;228726627;2
2;230066372;1
2;230066457;-1
2;230066562;-1
2;230088021;1
2;230245069;1
2;230378223;1
2;230825710;-1
2;233068245;1
2;234418483;-1
2;234576462;-3
2;234587476;1
2;234705086;1
2;234862130;-1
2;235084004;-1
2;235084019;1
2;235084171;1
2;235084613;-2
2;235200816;1
2;237551416;-1
2;237583299;-1
3;1261403;1
3;1295936;1
3;1596530;-1
3;1597315;-1
3;1684591;-1
3;1689316;1
3;1691097;1
3;1964049;-1
3;1978722;1
3;2003379;1
3;2072428;-1
3;2769766;1
3;2769770;1
3;2773563;-1
3;3028067;-1
3;3028069;-1
3;3342980;-2
3;3429034;-1
3;3431557;-1
3;3431560;-1
3;3432891;1
3;3452392;-1
3;3462488;1
3;3477286;1
3;3478914;1
3;3504675;1
3;3519420;1
3;4447455;1
3;4637840;-1
3;4678131;1
3;4753332;-1
3;4757817;1
3;4862304;-1
3;4862305;-1
3;4865905;1
3;5319608;-1
3;5448924;4
3;5571740;-2
3;5995590;-1
3;6524738;1
3;6524739;1
3;7983239;1
3;9856892;1
3;10076935;1
3;10632741;-1
3;11219771;1
3;11221427;2
3;11452352;1
3;11452364;1
3;11452428;1
3;11541264;1
3;11656703;1
3;11659864;-1
3;12297826;2
3;13960725;3
3;13999329;1
3;15225759;3
3;18337776;-1
3;18338545;-1
3;18827133;-1
3;18827855;-1
3;18827856;-1
3;18827858;-1
3;19934884;-2
3;23495208;-1
3;26310915;1
3;26454030;1
3;27009915;1
3;28222101;1
3;28339286;-1
3;28622065;-1
3;28919244;-1
3;28921079;-1
3;28921084;-1
3;29097887;-1
3;29097921;-1
3;29548656;-1
3;29621785;-1
3;29652978;-1
3;30041073;-1
3;30473899;1
3;31457724;1
3;31557777;2
3;33607479;-1
3;33608696;-1
3;33609468;1
3;34665365;1
3;35801393;1
3;35801922;1
3;35801977;1
3;58536715;-1
3;78374421;-1
3;88930228;2
3;93190907;-1
3;99766871;1
3;99774808;1
3;102505879;1
3;108429634;2
3;112869836;1
3;115025787;-1
3;115091685;-2
3;115772194;1
3;119998275;-1
3;123642574;1
3;131874436;1
3;133117759;1
3;137707470;1
3;139202019;1
3;139317094;1
3;139317128;-1
3;139747489;1
3;139760196;2
3;141361759;-1
3;141395304;-1
3;141591235;3
3;142725055;-1
3;143517405;-1
3;145839292;1
3;145843482;-2
3;148141161;1
3;148841536;1
3;149014144;1
3;149014148;1
3;149016578;-1
3;149287303;1
3;149287385;-1
3;149478520;1
3;149478919;1
3;150208363;1
3;150870167;1
3;151241643;1
3;151338328;1
3;151490658;1
3;151490867;1
3;152881216;-1
3;152881285;-1
3;152881509;-1
3;152924809;-1
3;153038595;-1
3;153038598;-1
3;153408928;1
3;154451172;-1
3;154451401;1
3;154451403;1
3;154607309;1
3;154607417;1
3;154668982;-1
3;154690988;1
3;154696524;-1
3;155018510;1
3;155359044;-2
3;155359047;-2
3;155777889;-1
3;156101711;1
3;156103380;-2
3;156103508;-2
3;156830995;-1
3;156848643;1
3;157128894;1
3;157128904;1
3;157630786;-1
3;157692165;-1
3;160622533;-2
3;161605621;-1
3;161617115;-1
3;161743616;1
3;161890016;-3
3;162643538;-1
3;162846911;-1
3;163127607;-1
3;164036494;-1
3;165018759;1
3;165497835;-1
3;165963650;-1
3;165963854;-1
3;166427022;1
3;166489466;1
3;166839634;1
3;167116553;-2
3;167516279;1
3;167516281;1
3;167831381;1
3;167831662;1
3;168470853;1
3;168525101;-2
3;168525711;-1
3;168906116;1
3;168969248;1
3;169007145;-1
3;169007147;-1
3;169117180;1
3;169117185;1
3;169423257;-1
3;169562144;-1
3;169583269;1
3;169625894;-1
3;169664097;1
3;170161455;-1
3;170469809;1
3;170488898;1
3;171861021;1
3;172415297;-1
3;173328599;1
3;173415582;-1
3;173564508;1
3;173564625;-1
3;173564648;1
3;173564675;1
3;174379256;1
3;174383850;1
3;175563318;-1
3;176602413;-2
3;178330486;1
3;178377946;1
3;178378001;1
3;178386118;1
3;178917947;-2
3;182833305;-1
3;184336083;1
3;187159032;2
3;190809082;1
3;194294561;1
3;201452551;-3
3;201614853;-2
3;204198452;1
3;205086483;1
3;205614645;1
3;205614781;1
3;205614784;1
3;205646863;1
3;205924791;1
3;206768514;1
3;206768600;1
3;206769607;1
3;206834943;1
3;206932883;1
3;207013915;1
3;207257322;3
3;207298492;1
3;207298503;1
3;208112569;1
3;208489415;1
3;208794475;1
3;210298432;-1
3;211838446;-1
3;211839247;-1
3;211846000;-1
3;211983086;-1
3;212199695;-1
3;214981779;1
3;214981931;1
3;214985482;1
3;214985487;1
3;215419866;1
3;215868187;-1
3;216387026;1
3;216502284;3
3;216502380;3
3;216507552;1
3;216553366;1
3;216553369;1
3;216553377;1
3;216877318;-1
3;217088102;1
3;217088705;1
3;217320694;1
3;217374445;1
3;217503051;2
3;217774148;3
3;217774209;3
3;217774346;3
3;217888761;1
3;218267927;1
3;218269273;1
3;218269283;1
3;218573725;1
3;218575040;2
3;220112115;1
3;220267456;1
3;220607921;1
3;220738493;2
3;220762669;1
3;220818417;1
3;220836883;1
3;221389267;1
3;221432050;1
3;221435314;1
3;221435315;1
3;221783585;1
3;221999983;2
3;222131802;3
3;222501320;-1
3;222837091;-1
3;222839032;1
3;223670139;-1
3;223731603;-2
3;223840676;1
3;223843580;1
3;224090476;1
3;224441229;-1
3;224762306;1
3;224764316;1
3;224764324;1
3;225008420;-1
3;225394152;1
3;225693895;1
3;226013996;-1
3;226013997;-1
3;226268529;2
3;226503671;-1
3;226857501;-1
3;226857502;-1
3;227369230;-2
3;227484421;1
3;227484424;1
3;230318753;-1
3;230318754;-1
3;230333764;-1
3;230336476;-1
3;230343333;-1
3;230343549;-1
3;230752981;-1
3;230754006;1
3;230836412;-1
3;230874376;1
3;231046511;1
3;231747678;1
3;232109317;1
3;232111899;-1
4;31462;-1
4;610534;-1
4;833748;-1
4;1049060;-1
4;1495499;-2
4;1874486;-1
4;1917375;-1
4;1998960;-1
4;2032959;-1
4;2037190;-1
4;2518967;-1
4;2657383;-1
4;2998833;-2
4;3004188;-1
4;3215880;-1
4;3265562;-1
4;3750898;-1
4;4193243;1
4;4323025;-1
4;4758771;-1
4;4766351;1
4;4813397;-1
4;4870646;1
4;4870858;-1
4;4870916;-1
4;5146140;-1
4;5155036;-1
4;5158514;-1
4;5172779;-2
4;5311146;-1
4;5383780;-2
4;5383849;-2
4;5387689;-1
4;5443495;-1
4;5443590;-1
4;5470888;-1
4;5995009;-1
4;6020238;-1
4;6222898;-1
4;6222915;-1
4;6223369;-1
4;7179593;-1
4;10254973;-5
4;11900627;1
4;12058494;-2
4;12236797;-1
4;12989474;-1
4;13864469;-1
4;14134305;-1
4;14836518;-1
4;14840824;1
4;15046753;-1
4;15273723;1
4;15294948;1
4;15415161;-1
4;15712912;1
4;15842976;1
4;16235468;-1
4;16235469;-1
4;16441347;3
4;16626082;1
4;17259306;-1
4;17744638;-2
4;17744644;-2
4;17855272;1
4;17855355;1
4;18393792;1
4;18513922;-1
4;18833043;-1
4;21243660;-1
4;21243695;-1
4;21845432;1
4;22382853;-1
4;23550048;1
4;23978092;1
4;24977535;1
4;26008111;1
4;26008276;1
4;26008277;1
4;26725005;1
4;28005996;1
4;29090159;-1
4;31816561;-1
4;32843540;1
4;36917225;3
4;38264613;1
4;39818417;2
4;41697092;-1
4;43146793;-1
4;56985119;1
4;62578315;-1
4;62892855;-1
4;71087497;1
4;72085106;-1
4;75724041;-1
4;80273337;-1
4;81497906;1
4;84113678;1
4;84858370;1
4;84858390;-1
4;91218292;1
4;104065863;1
4;104616292;1
4;108102714;-1
4;115167957;-1
4;116413662;1
4;119493446;-1
4;119493655;-1
4;120152232;-1
4;121195646;-1
4;124004075;-1
4;124230419;-1
4;125517817;1
4;126030712;-2
4;126110499;1
4;130601247;-1
4;132628720;1
4;133951585;1
4;134481291;-1
4;135939981;2
4;136086400;1
4;141621452;1
4;142278828;2
4;142489471;1
4;142664095;1
4;142664096;1
4;144204035;1
4;144754442;-1
4;144754446;-1
4;144754516;-1
4;144754520;-1
4;145057253;-1
4;145207368;1
4;145343618;1
4;145390591;-3
4;146035206;1
4;146170890;-1
4;147006275;-2
4;147815468;-1
4;150842666;1
4;151323588;-1
4;151432714;-1
4;151535932;1
4;151773829;1
4;151844771;-1
4;152103868;-1
4;152497704;1
4;152606630;1
4;152656807;1
4;152656813;1
4;153866171;1
4;153867657;1
4;155322533;2
4;156418656;-1
4;156418661;-1
4;156548990;-1
4;156548991;-1
4;156572449;-1
4;156960596;-1
4;157023648;-2
4;157146870;-1
4;157148065;-1
4;157673018;-1
4;157673641;-1
4;158099697;-1
4;158170359;-1
4;158173164;-1
4;158483801;-1
4;159592205;-1
4;159596028;-2
4;159596075;-2
4;159752751;-1
4;159772568;-1
4;159772919;1
4;159808378;-1
4;159856777;-2
4;160021754;-1
4;160155141;-1
4;160486966;-4
4;161063532;-1
4;162088570;-1
4;162376007;-1
4;162591253;-1
4;163422961;-1
4;163528189;-1
4;163799108;2
4;163801277;1
4;163801330;1
4;163809976;2
4;163881704;-1
4;163882032;-1
4;163885664;1
4;164024509;1
4;164025728;-1
4;164117755;-1
4;164206288;1
4;164287910;-1
4;165210913;-1
4;165530736;-1
4;166003034;1
4;166021098;-1
4;167063851;1
4;167063943;-1
4;167064092;-1
4;167064259;1
4;167111859;1
4;167241601;1
4;169189027;1
4;169772087;-1
4;170546886;-1
4;170681761;-1
4;170836301;-1
4;170836507;-1
4;171760137;1
4;171872945;-1
4;172224355;1
4;172560036;3
4;173326344;-1
4;173337846;-1
4;173593833;1
4;173593836;1
4;173658402;-1
4;174081867;-1
4;174996065;1
4;175306694;1
4;176079843;-1
4;176764886;1
4;177358443;1
4;177371806;-1
4;177371869;-1
4;177470220;-2
4;177476423;-1
4;178766780;1
4;180229588;-1
4;180229590;-1
4;180610987;-1
4;183238608;-1
4;183761686;1
4;183814682;1
4;185702266;1
4;185703132;1
4;185891452;-1
4;186040532;-1
4;186040886;-1
4;186041319;-3
4;186042868;-1
4;186224032;-1
4;186225566;-1
4;186225572;-1
4;186367914;-1
4;186455703;-2
4;186455813;-1
4;186548824;1
4;186662940;-1
4;186767952;1
4;186782076;-3
4;187015658;-1
4;187016039;-1
4;187217991;-2
4;187218429;-2
4;187466558;1
4;187466687;1
4;187531521;1
4;188050948;-1
4;188051832;-1
4;188051925;-1
4;188052009;-1
4;188493110;1
4;189051572;1
4;189457035;-1
4;189457036;-1
4;190142770;-1
4;190142820;-1
4;190434323;1
4;191292123;-1
4;191428251;-1
4;191428253;-1
4;191722161;-1
4;191757271;1
4;191761952;1
4;191929110;-3
4;192050010;1
4;192050112;-1
4;192128573;-2
4;192309629;-1
4;192761357;1
4;192840172;1
4;192950945;1
4;192963006;3
4;193094632;1
4;193094892;1
4;193200126;1
4;193200386;1
4;193683398;-1
4;194780174;-1
4;194780251;-1
4;195031436;2
4;195300033;-1
4;195397089;1
4;196990258;1
4;196999713;1
4;197002185;3
4;197081411;-1
4;197327996;3
4;197328061;5
4;197707895;-2
4;197707918;-2
4;197853184;-1
4;198298868;-1
4;198299535;-1
4;198302432;-1
4;198308684;-1
4;198309236;-1
4;198741657;1
4;198899059;-1
4;199097340;-1
4;199099164;-1
4;199099296;-1
4;200370178;1
4;200370214;-1
4;200370583;2
4;200705257;1
4;200921282;1
4;201004554;1
4;201016628;4
4;201017690;1
4;201301523;1
4;201301524;1
4;201433612;1
4;201910618;1
4;201910689;1
4;201911912;-1
4;202064978;-1
4;202404317;1
4;202404327;1
4;203991896;-1
4;205698629;-1
4;205729673;2
4;206225719;-1
4;206843238;-1
4;207347512;-1
4;207707747;-1
4;208154130;-4
4;208154214;-4
4;208155195;-1
4;208587164;-1
4;208663236;-1
4;209737588;-1
4;209981188;-1
4;209983496;-1
4;210282443;-1
4;210737434;1
4;211907419;1
4;212783523;1
4;212840200;1
4;212840201;1
4;212840203;1
4;214032024;1
4;215942213;1
4;217887579;-1
4;218614238;-1
4;219305151;1
4;220256203;-1
4;222168808;1
4;222168926;-1
4;222169057;1
4;223591566;-1
4;224060426;-1
4;224769738;1
4;226517349;-1
4;226545862;-1
4;226546086;-1
4;226546087;-1
4;226900139;1
4;226900637;-1
4;227148689;1
4;227148732;1
4;227747070;-1
4;228134573;1
4;228134574;1
4;230077482;1
4;231153790;1
4;231574084;2
4;231574086;2
4;231581645;-1
4;231750148;-1
4;231750164;1
4;231875701;1
4;232112329;-1
4;232440873;-6
4;232564100;-1
4;233718054;-1
4;233798519;-1
4;233869858;-2
4;234200606;1
4;234750675;-1
4;234750678;-1
4;235812595;1
4;235957392;-1
4;237109491;-1
4;237473334;1
4;237473475;1
4;238231857;-1
4;238762893;-1
4;238820317;-2
4;239109354;-3
4;239560474;1
4;241959192;-1
5;2585312;1
5;2591219;2
5;2768062;-1
5;3410873;-1
5;9622710;1
5;9677790;-1
5;9695119;-1
5;9746520;-1
5;9746622;-1
5;9747086;-1
5;9822712;1
5;9984993;-2
5;9985250;-2
5;10099644;-1
5;10128717;-2
5;11537268;1
5;11893631;1
5;12216709;1
5;12239838;-1
5;14090646;1
5;14611558;2
5;18302076;1
5;20155164;1
5;20278560;1
5;21018941;2
5;21848313;-1
5;23288641;-1
5;25509481;1
5;26098812;1
5;28812666;-1
5;31076018;-1
5;37698294;1
5;39925223;-2
5;40948569;1
5;40948712;1
5;45206509;1
5;45208431;-1
5;45208433;-1
5;45312530;1
5;47704970;-1
5;49215577;-1
5;50119276;-2
5;50119278;2
5;52310813;-1
5;52725622;-1
5;63819487;1
5;70272709;-1
5;70715142;1
5;71165680;-1
5;71877191;3
5;76140222;3
5;76141564;4
5;76141611;4
5;81798053;-1
5;87343791;-1
5;87344590;-1
5;96441437;-1
5;99733463;-1
5;100451052;-1
5;109072192;1
5;113099193;1
5;126701470;-1
5;134961871;-1
5;140528717;-1
5;148449419;3
5;150132809;-1
5;150133227;-1
5;150133650;-1
5;151217729;-1
5;157832823;-1
5;158546570;1
5;162743463;-1
5;164386712;-2
5;168077842;2
5;175099418;1
5;177287952;1
5;178995999;-1
5;179632955;-2
5;180933421;1
5;180934690;1
5;182063401;-1
5;182136313;1
5;182952735;-1
5;183419111;1
5;183569124;-1
5;183659278;-1
5;183696537;1
5;183925327;1
5;184445084;-1
5;185370968;1
5;185457755;-1
5;185622334;1
5;185623407;-2
5;185626373;1
5;185748919;-1
5;186119493;1
5;186147971;1
5;186148922;1
5;186149068;1
5;186464470;1
5;186557603;-1
5;186727725;2
5;187019412;-1
5;187251760;1
5;187718758;-3
5;188710573;-1
5;189872696;1
5;190611965;1
5;191432949;1
5;191679846;1
5;192221185;-1
5;192456870;1
5;192456993;1
5;192547678;-1
5;193362798;1
5;193507190;1
5;193784454;1
5;193967689;1
5;194006133;-1
5;194006136;-1
5;194164643;-1
5;194304117;-1
5;195535878;-1
5;195595764;-1
5;195730426;-1
5;195886053;-1
5;196813290;1
5;196839093;-2
5;196853350;1
5;197083396;-1
5;197642546;1
5;197642630;1
5;197642711;1
5;197654966;1
5;197658476;1
5;197921840;-1
5;197998637;-1
5;198259672;1
5;198259674;1
5;198259707;1
5;198259770;1
5;198625641;2
5;198827664;2
5;198828139;-4
5;198938557;1
5;199047210;-1
5;199047467;-1
5;199258280;2
5;199421302;1
5;200167052;-1
5;200167054;-1
5;200167058;-1
5;200492456;-1
5;200547838;-1
5;200707315;-1
5;200707320;-1
5;200707323;-1
5;201320476;1
5;201320477;1
5;201438104;1
5;201662736;2
5;202114901;1
5;202286081;1
5;202370091;1
5;202473506;-1
5;203673897;1
5;203687900;1
5;204116049;1
5;204117326;2
5;204117573;-1
5;204122437;1
5;204143625;1
5;204319123;-1
5;204772148;1
5;204792734;1
5;204862169;-1
5;204992146;1
5;205211922;-1
5;206076165;-1
5;206205707;-1
5;206205972;-1
5;206206673;1
5;206246900;-1
5;206329559;2
5;206612598;-1
5;206670429;1
5;206961511;2
5;208150494;-1
5;210323863;4
5;211125437;-2
5;211228487;-1
5;211598985;-2
5;212247709;1
5;212401024;-1
5;213077363;-1
5;213126206;1
5;213388315;-1
5;213394629;-1
5;213411966;1
5;213587767;1
5;213593827;-2
5;213595723;-1
5;213611174;1
5;213611235;1
5;213611268;-1
5;213661933;1
5;214130480;1
5;214130483;1
5;214176621;-3
5;214176740;-3
5;214176801;-3
5;214178757;-1
5;215315594;-1
5;216020409;-4
5;216749957;1
5;216750489;1
5;217011120;-1
5;217011201;-1
6;358426;1
6;518546;-1
6;1245188;-1
6;1245237;-1
6;1246048;1
6;1250516;-1
6;1250666;-1
6;1871373;-2
6;2429772;-2
6;2912070;-2
6;3182460;-1
6;3287559;1
6;3287562;1
6;3650996;1
6;3681287;-1
6;7626008;-1
6;7626010;-1
6;15987221;1
6;20736094;-1
6;26658445;-1
6;31507932;1
6;32546832;3
6;36095124;2
6;41223592;1
6;50388630;1
6;58608468;1
6;68223675;1
6;76974235;2
6;82732669;2
6;84735362;1
6;86920901;1
6;87960004;1
6;88759427;-1
6;91302151;1
6;95234684;2
6;95300116;1
6;95300310;1
6;95485874;-1
6;95532662;-1
6;96378442;1
6;96493135;-1
6;96493137;-1
6;96842827;-1
6;102045648;2
6;102052065;1
6;102052068;1
6;102478373;-1
6;102557610;-1
6;104870887;-3
6;105393677;1
6;106160328;1
6;108516395;-1
6;112152895;-2
6;124720209;-2
6;125760889;1
6;126335757;1
6;126336109;1
6;129325432;1
6;129325961;1
6;129656219;-1
6;132765581;-1
6;135181679;-1
6;137452752;-1
6;139360027;1
6;141182785;-1
6;144626858;1
6;146225832;-1
6;146698627;-1
6;146760471;-1
6;147416932;-1
6;148285547;-1
6;148549832;1
6;148785711;-1
6;148785713;-1
6;149162076;-2
6;149162188;-2
6;149162330;-2
6;149162333;-2
6;149256938;-1
6;149256978;-1
6;149881031;-1
6;150269780;-3
6;150298381;1
6;150298384;1
6;150488744;1
6;150488869;1
6;150797537;1
6;150879424;-1
6;150884965;-1
6;151038431;4
6;151649861;3
6;151651166;5
6;151654433;1
6;151987977;1
6;152266377;-1
6;152372947;2
6;152404614;1
6;152686681;-1
6;152686749;1
6;152686800;1
6;152997675;-1
6;153381157;1
6;153995136;1
6;154515882;-1
6;154515920;-1
6;156574207;-2
6;156894292;-1
6;157684274;1
6;157940952;-1
6;158316817;1
6;159633399;2
6;159920289;1
6;160020364;1
6;160020434;1
6;160087370;1
6;160087455;1
6;160214777;1
6;161205989;1
6;161205990;1
6;161212609;2
6;161212743;2
6;161429421;-1
6;161429484;-1
6;161647383;-1
6;161845423;-1
6;161845424;-1
6;162533799;-2
6;162847218;-1
6;163534294;-2
6;164387524;1
6;164701382;1
6;164702363;1
6;164898601;1
6;165000330;1
6;165558259;-1
6;165601917;-1
6;166475250;1
6;167081382;1
6;167085210;2
6;167148788;1
6;168468797;1
7;1291744;-2
7;3016650;1
7;5103472;-1
7;5880836;1
7;6948502;1
7;7012695;-1
7;7267519;-1
7;7525811;-1
7;10117948;1
7;14548213;1
7;14600972;1
7;15086053;1
7;15516613;1
7;15838985;-1
7;16293376;-1
7;16356540;-1
7;16688384;-1
7;17192161;1
7;17719058;-2
7;17877286;1
7;18235137;1
7;18621944;1
7;38976961;-1
7;42243656;-1
7;44739875;-1
7;63940206;1
7;67757370;-1
7;67759235;1
7;71970652;1
7;74403456;1
7;92675432;1
7;93111665;-1
7;93120957;1
7;93778690;1
7;95566884;4
7;95664093;1
7;96074717;-1
7;96075345;-1
7;97365658;-1
7;97902148;-2
7;99412501;1
7;100502552;-1
7;102043620;-1
7;102168151;-1
7;102424384;1
7;103333504;-1
7;104427500;1
7;105090551;-3
7;106106165;1
7;106522078;-1
7;106669619;-1
7;108416057;1
7;111013489;-2
7;111113346;1
7;111437239;1
7;111695705;1
7;111734615;-1
7;111831079;-1
7;123831212;3
7;123831239;3
7;123831240;3
7;124197076;-1
7;124604899;1
7;124735138;-1
7;124986439;-1
7;125659628;1
7;125668138;1
7;125722969;1
7;126554108;-3
7;126865253;-1
7;127013032;-1
7;127289931;3
7;127292408;1
7;127303236;1
7;127759312;-1
7;127759894;-1
7;127766781;-1
7;127925843;-1
7;128005660;-1
7;129376815;-2
7;129911348;1
7;129995338;-2
7;129995562;2
7;130271427;-1
7;130281450;-2
7;130350951;-1
7;130350956;-1
7;130351312;1
7;130396482;-1
7;130460401;1
7;131117933;2
7;131118292;1
7;131118453;1
7;131856751;1
7;131856774;1
7;132217222;2
7;132217228;2
7;132217482;2
7;133399889;-1
7;133976501;-1
7;134135710;-1
7;134135766;1
7;134877541;-2
7;134881200;-1
7;135243349;1
7;135874639;-1
7;135874641;-1
7;136061288;-2
7;136061616;-4
7;136289343;-1
7;136289410;-1
7;136363962;1
7;136409628;-2
7;136606659;-1
7;136606813;-1
7;136983597;-1
7;136983600;-1
7;137012725;-1
7;137113895;-1
7;137150915;-1
7;137151079;-1
7;137151610;-1
7;137729251;-1
7;138131471;-1
7;138728722;1
7;138728873;1
7;138742865;1
7;138742878;1
7;138766510;1
7;139409084;1
7;139562842;1
7;139562845;1
7;139749048;-1
7;140386736;1
7;140386838;-1
7;140736271;1
7;140746546;-1
7;140748999;-1
7;140749127;1
7;140749247;1
7;140749254;1
7;140749291;1
7;140750333;1
7;141548960;1
7;141548977;-1
7;141582787;-1
7;141582793;-1
7;141613704;2
7;141900127;-1
7;141938305;-1
7;141938378;-1
7;141938535;-1
7;142150341;-1
7;142890924;-1
7;143430445;1
7;144063597;1
7;144244058;3
7;144439033;1
7;145251648;-1
7;145251670;-1
7;145668848;-2
7;145763001;-1
7;145763008;-1
7;146501094;1
7;146501336;1
7;146507467;1
7;146508751;1
7;146528955;1
7;146928372;1
7;146932318;1
7;146932322;1
7;147087188;1
7;147087234;1
7;147150540;-1
7;147202555;-1
7;147241960;-2
7;147419380;-1
7;147461121;-1
7;147461173;-1
7;147461207;-1
7;147820052;2
7;148186514;-1
7;148186660;-1
7;148187855;-1
7;149601558;1
7;149949624;-1
7;150202179;-2
7;150543559;-4
7;152391136;1
7;152433589;-4
7;152478548;-1
7;152485243;-1
7;152716042;1
7;153289365;-1
7;153640767;-1
7;154295560;1
7;154469306;1
7;154647421;1
7;154647425;1
7;155064235;1
7;155076650;1
7;155100886;1
7;155101266;1
7;155263306;1
7;155384829;1
7;155384838;1
7;155396944;1
7;155431271;1
7;155431322;1
7;157623268;1
7;159947481;-1
7;160122053;1
7;160639092;-1
7;161724606;1
7;161942115;1
7;161980300;1
7;162043832;-1
7;162362036;-2
7;162362143;2
7;162362146;2
7;162362953;-1
7;162381746;1
7;163013563;-1
7;163824995;2
7;164710371;1
7;165353885;-1
7;167519109;-1
7;167678396;1
7;168020611;1
7;168119389;-1
7;168125175;-1
7;168344964;-1
7;168345294;1
7;168442016;-1
7;168442050;1
7;168528193;-1
7;169307435;1
7;169384310;1
7;169445919;-1
7;170432481;1
7;170684708;1
7;170689549;-1
7;170689551;-1
7;170689553;-1
7;170690030;1
7;170693532;3
7;170693543;3
7;170693545;3
7;170693629;-3
7;170693636;3
7;170699102;1
7;170699182;1
7;170878050;-1
7;170880762;-1
7;171079012;-1
7;171086703;1
7;171613568;-3
7;171615388;-1
7;171615390;-1
7;171615435;-4
7;171615568;4
7;172549761;2
7;172549870;1
7;173487773;1
7;173596424;2
7;173596425;2
7;173861063;1
7;173861262;-1
7;173862908;-1
7;174221813;1
7;174448714;1
7;174614959;-1
7;174619754;-1
7;174623043;-1
7;174762080;1
8;3397445;1
8;6256814;1
8;6260136;1
8;7428312;1
8;7435144;1
8;7905748;-1
8;8276038;1
8;8352297;-1
8;8860541;-1
8;9625095;-1
8;9920205;1
8;10876818;2
8;10907412;1
8;10908202;-1
8;11530707;1
8;11684155;-2
8;12213938;1
8;12213943;1
8;13279048;-1
8;13291083;1
8;13292047;1
8;13292049;1
8;13292455;1
8;13373436;-1
8;13603859;-1
8;13667682;-1
8;13667715;-1
8;14850162;1
8;14850164;1
8;15111630;1
8;15111984;-1
8;15274158;1
8;15878561;1
8;15979117;1
8;16168988;1
8;16908573;-1
8;16908576;-1
8;17308980;-1
8;17308983;-1
8;17879349;1
8;18245280;-1
8;18445296;-1
8;19554659;1
8;19572501;1
8;19972241;-1
8;19976757;-1
8;19979067;-1
8;20086996;2
8;20087703;2
8;20675088;-3
8;22690723;-1
8;23992529;1
8;23994463;1
8;24647886;1
8;25354590;1
8;25731820;1
8;26094448;-1
8;26827806;-1
8;26887629;-1
8;26924213;-1
8;27122517;-2
8;27123562;-1
8;27123564;-1
8;27804088;1
8;28119707;1
8;28177361;1
8;28595229;1
8;29022815;1
8;29023315;-1
8;29023318;-1
8;30941907;-1
8;31608820;-1
8;31609620;-1
8;32270173;-1
8;32270557;-1
8;32970236;-1
8;33077757;1
8;33079373;1
8;33373131;1
8;33373139;1
8;33668640;-1
8;34195356;-1
8;35833730;-1
8;36510917;-1
8;36555359;-1
8;38494169;-1
8;38494424;-1
8;38494429;-1
8;38510364;-1
8;39024443;-1
8;41091254;-1
8;41195146;-1
8;42530621;-1
8;47295474;-1
8;51212954;-1
8;52513560;1
8;56732237;-1
8;56996257;-1
8;58248717;-1
8;60902081;-1
8;61305419;-2
8;61515219;-1
8;61515264;-1
8;62179340;-1
8;62658829;-2
8;62954497;-1
8;63079310;-1
8;63681686;-1
8;64571590;-1
8;64694537;-2
8;65617736;-2
8;65921496;-1
8;65921504;-1
8;66373435;1
8;67487967;-1
8;67602489;2
8;67602544;-2
8;67882139;-1
8;67907509;-1
8;68156954;-1
8;68157585;-1
8;68451410;-1
8;68636110;-1
8;70047717;-1
8;70900770;-2
8;71584156;2
8;71815702;1
8;71940857;1
8;72053311;1
8;72307180;-1
8;72610859;-1
8;72611186;-1
8;73206154;-1
8;73206723;-1
8;73645109;1
8;73645113;1
8;74507804;1
8;75562218;-1
8;76209914;-1
8;76748129;-1
8;76950928;1
8;78801443;6
8;79212917;-2
8;79389574;-1
8;80203889;-1
8;80310013;-5
8;80341267;2
8;80342811;2
8;81401592;1
8;83930686;1
8;86268119;-1
8;86268160;-1
8;86268440;1
8;86444165;1
8;87028449;2
8;88471995;1
8;89037873;1
8;90249284;-1
8;92685951;-1
8;93049380;-1
8;93836815;-1
8;94123676;1
8;95235708;1
8;95589935;-1
8;97661326;-2
8;99465774;-1
8;99466160;-2
8;99711412;-1
8;99711752;1
8;99711930;1
8;99715260;1
8;100446517;-2
8;101461150;1
8;101461241;1
8;101462764;1
8;101463120;1
8;101856107;-1
8;101970331;-1
8;102056080;-1
8;102225011;1
8;104844788;1
8;105803291;1
8;105804471;1
8;106154532;-1
8;106523443;2
8;106523484;2
8;106540167;1
8;106540172;1
8;107696873;2
8;107699084;2
8;108855081;-1
8;109741289;-1
8;109741584;-1
8;110146290;1
8;110238986;2
8;110513860;-1
8;110515041;-1
8;112233557;1
8;112234759;1
8;112293905;1
8;112360726;1
8;112360874;1
8;112361065;-1
8;112502149;1
8;113357349;1
8;113357351;1
8;113471971;1
8;113860835;-1
8;114541410;-2
8;114820350;-1
8;116148713;-1
8;116199287;-2
8;116393305;1
8;116970528;1
8;116970953;1
8;116971848;1
8;116982396;1
8;117274795;-1
8;117274808;-1
8;117395370;-1
8;117692936;1
8;118058157;-1
8;118088030;-1
8;118578100;-1
8;118730006;1
8;118730008;1
8;118766448;-1
8;118794565;-1
8;118794566;-1
8;118795927;-1
8;118898252;-1
8;118903150;-1
8;120735031;1
8;121013144;-1
8;121013842;-1
8;121411754;-1
8;121532047;1
8;121532128;1
8;121568491;1
8;121642178;1
8;121642195;1
8;122434503;2
8;122535039;-1
8;123964772;1
8;123968225;-1
8;123969007;1
8;125053155;1
8;126135756;-2
8;126136565;-2
8;126882352;2
8;127309020;-1
8;127739466;1
8;128135677;-1
8;128231809;-1
8;129744170;-1
8;130511734;1
8;130645057;-1
8;130708502;-1
8;130759503;-1
8;130886823;1
8;130886824;1
8;131048968;-3
8;131861763;1
8;131905271;-1
8;131940138;-1
8;132052310;-1
8;132053681;-1
8;132526678;1
8;132560371;1
8;132793088;1
8;132793124;-1
8;132978706;-1
8;133539353;-1
8;133699599;-1
8;134055293;4
8;136114509;1
8;137097100;1
8;137301011;1
8;137507242;-1
8;137507253;-1
8;137677858;1
8;138096523;1
8;138396124;2
8;138396149;2
8;138404202;1
8;138421932;1
8;138821911;-1
8;139021897;-1
8;139245841;-1
8;139496645;-1
8;140286158;-1
8;140286201;-1
8;141343916;-2
8;142199610;1
8;143476092;3
8;144123460;2
8;144123467;-2
8;144123468;-2
8;144675133;1
8;144675980;-1
8;145069075;-1
8;145375561;-1
8;145410989;3
8;145411008;-3
8;145412450;-3
8;145441690;1
8;148182231;-1
8;148685516;-1
8;148959792;1
8;148959982;1
8;148962462;1
8;149518905;1
8;149546259;1
8;149957802;1
8;149983427;-1
8;150444365;-2
8;150595533;-1
8;150809501;1
8;151455146;1
8;152255211;-1
8;152255217;-1
8;152498578;-1
8;152511546;-1
8;152677457;-2
8;153321976;1
8;153332628;2
8;153396189;-1
8;153396366;-1
8;153396400;1
8;154189431;1
8;154189437;1
8;154200175;-1
8;154900910;1
8;155020505;-1
8;155188054;2
8;155386373;1
8;155511658;1
8;155514514;1
8;155563584;2
8;155914033;-3
8;155914037;-3
8;155914095;-3
8;155967344;-1
8;155976231;1
8;156025805;1
8;156173228;1
8;156307270;1
8;156540856;1
8;157296623;1
8;158935656;-1
8;158938350;-1
8;159335328;-2
8;159335332;-2
8;159443477;1
8;159643375;-1
8;159931384;-1
8;159968768;-1
8;160477555;-1
8;160536466;-1
8;160593050;-1
8;160658672;-1
8;160674583;-1
8;160675092;-1
8;160675154;-1
8;160686297;1
8;161269354;-1
8;161275193;-1
8;161735580;-1
8;161738310;-1
8;161780066;-1
8;161781552;1
8;161788168;-1
8;161994189;-1
8;162374793;-1
8;162376474;-1
8;162729857;1
8;162765756;1
8;162766482;1
8;162768569;1
8;163066084;-2
8;163274537;2
8;163279236;1
8;163279452;-1
8;163996042;1
8;163996144;1
8;164294189;1
8;164294238;-1
8;164450600;-1
8;164450651;-1
8;164475963;-1
8;164899269;-1
8;165107201;-1
8;165403039;-1
8;165656722;-1
8;165934849;-1
8;166219448;2
8;166220777;-2
8;166297308;-1
8;166297694;-1
8;166460146;-1
8;166564545;-1
8;166707607;-1
8;166742999;-4
8;167002747;-1
8;167013890;-1
8;167013960;-1
8;167152023;-1
8;167160664;-1
8;167340690;-1
8;167539328;-1
8;167747128;-1
8;168369216;-1
8;168466185;-1
8;168466284;-1
8;169078280;-1
8;169078281;-1
8;169084502;-2
8;169084833;-1
8;169188119;-2
8;169196406;-2
8;169219362;-1
8;169331105;-1
8;169331225;-1
8;169331276;-1
8;169455526;-1
8;169553668;-1
8;169671432;-1
8;169853861;1
8;169853873;1
8;169936781;-1
8;172239111;1
8;172629139;-2
8;172629746;-1
8;172968723;1
8;173057829;1
8;173057854;1
8;173058422;1
8;173059429;1
8;173304511;1
8;173313667;1
8;173423979;1
8;173482345;-1
8;173482806;-2
8;173803647;1
8;173825238;1
8;175105964;-2
9;564049;-1
9;837518;1
9;1331602;-1
9;2340322;1
9;2457729;1
9;2457736;1
9;7578886;-1
9;7650847;-1
9;8129170;-1
9;8136991;2
9;9604395;1
9;9604912;1
9;9729280;1
9;9925428;-1
9;10130657;-1
9;10970570;1
9;11076111;-1
9;11234458;-1
9;11254980;1
9;11403693;-1
9;11403730;-1
9;11461160;-1
9;11750649;1
9;11751320;2
9;11751711;2
9;11781304;2
9;12027649;-3
9;12372519;-1
9;12876941;1
9;14322323;1
9;14544567;2
9;14544569;2
9;14544757;1
9;14625058;1
9;15270094;1
9;15372242;-1
9;15386308;-1
9;15622979;1
9;15698120;1
9;16148984;1
9;16259245;1
9;16326147;-2
9;16326394;-3
9;16326697;-3
9;16495933;-1
9;16726158;2
9;16769273;1
9;17064196;-1
9;17069155;-1
9;17079688;-1
9;17821565;1
9;17976160;-1
9;18958995;1
9;18958998;1
9;18959028;1
9;19547261;-1
9;19809320;-1
9;19937947;-1
9;19941031;-1
9;20486234;4
9;20605156;1
9;20606558;1
9;20677957;-1
9;20678018;-1
9;20754317;-1
9;20754377;-1
9;20840230;1
9;21434888;1
9;21822956;1
9;22562314;-1
9;23072023;-1
9;23306546;-1
9;24075789;1
9;24485654;-1
9;24609041;1
9;24609045;1
9;24609048;1
9;24710290;-1
9;24710293;-1
9;24964475;-1
9;25098196;-1
9;25190439;-1
9;25271676;1
9;25279020;-3
9;25367456;-1
9;25606083;-1
9;26488525;1
9;26492301;1
9;26954701;-1
9;27012425;-2
9;27028963;-1
9;27106156;-1
9;27979896;-1
9;30637719;-1
9;30763722;1
9;32094631;-1
9;32306342;1
9;32306504;1
9;32308545;1
9;32532362;2
9;33343539;1
9;36490687;-1
9;37422937;-1
9;37429329;-1
9;38271243;-1
9;38271305;1
9;38879440;-1
9;39880368;2
9;41923859;1
9;42064994;-1
9;42527258;1
9;42527263;1
9;43537733;-1
9;43626134;-1
9;44119280;1
9;44120386;-1
9;44489513;-1
9;45341923;-1
9;45346132;-1
9;48647058;-1
9;50077987;-1
9;50078567;-1
9;61475860;1
9;62350233;1
9;69040192;1
9;73618905;-1
9;75085230;1
9;76302925;1
9;77886157;-1
9;79061981;1
9;80724882;1
9;82965878;1
9;83289682;2
9;85878902;1
9;85879365;1
9;86308228;1
9;86308248;1
9;87331206;2
9;87331225;-2
9;89455027;1
9;90205437;-1
9;91044381;-1
9;91044474;-1
9;91383007;-1
9;93926705;-3
9;94358434;-1
9;94358819;-1
9;94359420;-2
9;94359746;-2
9;96142313;1
9;98260524;-2
9;98400943;-1
9;99181584;1
9;100100508;-1
9;100300374;-1
9;100300375;-1
9;101197185;-1
9;101429588;1
9;101491230;-1
9;101491309;1
9;101949985;1
9;102273845;1
9;103829458;-1
9;103946263;-1
9;103969983;1
9;103969986;1
9;106110980;-1
9;106525211;-1
9;108120791;-1
9;108221741;-1
9;108221811;-1
9;110338701;-1
9;111482132;-1
9;111502653;-1
9;111502678;-1
9;111502956;-1
9;111661287;-1
9;112026435;-1
9;112027057;1
9;112230530;-1
9;112513011;-1
9;112840274;1
9;112905920;-2
9;113257589;1
9;115798844;-1
9;115981138;1
9;116742600;1
9;117082210;-1
9;122826474;-1
9;122826476;-1
9;122826483;-1
9;123205078;1
9;123365202;-1
9;124294510;-1
9;127945821;-3
9;133357125;1
9;133675564;1
9;133835499;1
9;133835634;1
9;134045673;1
9;134152958;-1
9;134294332;1
9;134296330;1
9;134869340;1
9;135529877;1
9;135529907;1
9;135562786;1
9;135712454;1
9;137059757;1
9;138678335;1
9;139040059;1
9;139054455;-1
9;139138991;-1
9;139229665;-1
9;139442062;-1
9;139767171;1
9;139792873;1
9;139913934;-1
9;140199643;-1
9;140280611;1
9;140597457;1
9;140597531;-1
9;140599613;1
9;140603726;1
9;141038912;-1
9;141378411;-1
9;141665035;1
9;141665293;1
9;141734120;-1
9;142292012;-2
9;142654469;1
9;142876202;2
9;143193131;1
9;143295537;2
9;144123429;1
9;144857752;-1
9;145057945;2
9;145066729;2
9;145426852;2
9;145434560;1
9;146956441;-1
9;146956444;-1
9;147169711;1
9;147616236;-1
9;147733782;-1
9;147751145;-1
9;147766079;-1
9;147766100;-1
9;147805500;-1
9;147805552;-1
9;147880983;2
9;147898188;-1
9;148058514;-2
9;148058517;-2
9;148240253;-1
9;149913197;1
9;151552538;-1
9;151553556;-1
9;151553608;-1
9;151564690;2
9;151564692;2
9;151564694;2
9;151572623;-1
9;151583491;-1
9;151692916;-1
9;151919845;1
9;151919926;1
9;151920268;-1
9;151962885;1
9;151963119;1
9;151977375;-1
9;152703550;-1
9;154846803;-1
9;155235013;1
10;3176402;-1
10;3718345;-1
10;5126584;-1
10;6377812;2
10;18405299;-1
10;23181855;1
10;30203616;-2
10;41283740;1
10;44404283;-1
10;60807926;1
10;74349435;1
10;78466994;-1
10;87021913;-1
10;88523737;1
10;88523800;-1
10;91798890;-1
10;91798924;1
10;91871990;1
10;91973167;1
10;92924347;1
10;94049912;-1
10;94067592;1
10;94982045;1
10;104497148;1
10;108141850;2
10;110967086;-1
10;110978019;-1
10;113156236;-1
10;113216731;1
10;121226227;-1
10;123135421;1
10;127639738;2
10;128327739;1
10;128581215;-1
10;130439441;-1
10;131088218;1
10;132565955;-1
10;134009330;2
10;138345061;1
10;138721454;1
10;139037337;-1
10;139383001;2
10;139648946;-1
10;140114445;1
10;140114452;1
10;140147661;-1
10;140659448;-1
10;140908590;2
10;141389536;1
10;141393948;-4
10;141460789;1
10;141701341;1
10;141756356;1
10;141757246;-1
10;141757885;1
10;141758139;1
10;141795237;-1
10;141815607;-1
10;141861650;-2
10;141866088;2
10;141895411;2
10;141978407;1
10;142026781;-3
10;142026917;-3
10;142347871;2
10;142385278;1
10;142385279;1
10;142385715;1
10;142872655;1
10;142872795;1
10;142881902;1
10;143487807;1
10;143744428;-1
10;143744789;1
10;143889870;1
10;144119143;-1
10;144119263;-1
10;144119265;-1
10;144151127;-1
10;144168841;1
10;144168942;1
10;144271731;-1
10;144405773;1
10;144631142;-1
10;144894133;1
10;144975552;1
10;145139387;1
10;146484346;-1
10;146578035;-1
10;146615362;-1
10;146823641;-1
10;146825167;1
10;146839888;1
10;146899038;-1
10;147003646;-1
10;147003917;1
10;147004189;1
10;147337964;-2
10;147541831;1
10;147697339;-1
10;147861227;-1
10;147949265;-1
10;147949268;-1
10;147968921;-2
10;148072510;1
10;148293461;-1
10;148411075;1
10;148411732;-6
10;148536164;-1
10;148536208;1
10;148636901;1
10;148707380;1
10;148753616;1
10;148761417;1
10;148761420;1
10;148762133;1
10;149181569;1
10;149250716;1
10;149250722;1
